neighborhood,cd,borough,area_km2,avg_pedestrian,peak_pedestrian,pedestrian_count_points,subway_station_count,storefront_filing_count,act_ACCOUNTING_SERVICES_storefront,act_BROADCASTING_TELECOMM_storefront,act_EDUCATIONAL_SERVICES_storefront,act_FINANCE_AND_INSURANCE_storefront,act_FOOD_SERVICES_storefront,act_HEALTH_CARE_OR_SOCIAL_ASSISTANCE_storefront,act_INFORMATION_SERVICES_storefront,act_LEGAL_SERVICES_storefront,act_MANUFACTURING_storefront,act_MOVIES_VIDEO_SOUND_storefront,act_NO_BUSINESS_ACTIVITY_IDENTIFIED_storefront,act_OTHER_storefront,act_PUBLISHING_storefront,act_REAL_ESTATE_storefront,act_RETAIL_storefront,act_UNKNOWN_storefront,act_WHOLESALE_storefront,act_other_storefront,construction_jobs,manufacturing_jobs,wholesale_jobs,pop_black,pop_hispanic,pop_asian,total_population_proxy,food_services,total_businesses,commute_public_transit,pct_bachelors_plus,total_jobs,nfh_median_income,nfh_poverty_rate,nfh_pct_white,nfh_pct_black,nfh_pct_asian,nfh_pct_hispanic,nfh_goal1_fin_services_score,nfh_goal2_goods_services_score,nfh_goal3_jobs_income_score,nfh_goal4_fin_shocks_score,nfh_goal5_build_assets_score,nfh_overall_score,category_diversity,category_entropy,act_ACCOUNTING_SERVICES_density,act_BROADCASTING_TELECOMM_density,act_EDUCATIONAL_SERVICES_density,act_FINANCE_AND_INSURANCE_density,act_FOOD_SERVICES_density,act_HEALTH_CARE_OR_SOCIAL_ASSISTANCE_density,act_INFORMATION_SERVICES_density,act_LEGAL_SERVICES_density,act_MANUFACTURING_density,act_MOVIES_VIDEO_SOUND_density,act_NO_BUSINESS_ACTIVITY_IDENTIFIED_density,act_OTHER_density,act_PUBLISHING_density,act_REAL_ESTATE_density,act_RETAIL_density,act_UNKNOWN_density,act_WHOLESALE_density,act_other_density,subway_density_per_km2,storefront_density_per_km2,commercial_activity_score,transit_activity_score
BK01 Williamsburg-Greenpoint (CD 1 Equivalent),BK01,BROOKLYN,12.23077578536677,2552.689312714777,8882.0,3.0,13.0,10359.0,102.0,119.0,1454.0,131.0,1377.0,264.0,34.0,86.0,191.0,75.0,232.0,1281.0,184.0,366.0,3061.0,79.0,848.0,475.0,508.0,267.0,440.0,6649.0,36720.0,11353.0,54722.0,673.0,5556.0,63.42524494527686,47.0,1215.0,35889.0,0.173,0.631,0.042,0.073,0.233,3.320402789,5.179880069,4.385767849,6.613577647,3.961994477,4.052349182,18,2.234200117507525,0.009846510280915146,0.011487595327734338,0.14036103871030023,0.012646008301959649,0.13292788879235448,0.02548508543295685,0.0032821700936383823,0.00830195964861473,0.018438073173086204,0.007240081088908196,0.022395984168356017,0.12366058499855198,0.017762332271454774,0.035331595713872,0.29549184284197316,0.0076262187469833,0.081861183511922,0.045853846896418575,1.0628925121457586,846.9618102552241,17.090513738730397,10.409882205995144
BK02 Downtown Brooklyn-Fort Greene (CD 2 Approximation),BK02,BROOKLYN,7.053267304241385,2513.553387819839,15733.0,7.0,16.0,6314.0,13.0,33.0,962.0,109.0,979.0,315.0,31.0,80.0,62.0,18.0,132.0,664.0,152.0,282.0,1813.0,96.0,303.0,270.0,227.0,183.0,289.0,35614.0,21538.0,12722.0,69874.0,646.0,6076.0,68.37516846361186,60.0,699.0,44313.0,0.121,0.447,0.261,0.092,0.158,3.856805712,3.232936999,6.44439353,9.729586048,5.691804701,5.583937505,18,2.227798800499091,0.0020589166930630345,0.005226480836236934,0.15235983528666455,0.01726322458029775,0.15505226480836237,0.04988913525498891,0.004909724421919544,0.012670256572695597,0.009819448843839089,0.0028508077288565093,0.020905923344947737,0.10516312955337345,0.024073487488121634,0.04466265441875198,0.28713968957871394,0.015204307887234716,0.047988596769084575,0.04276211593284764,2.268452237784696,895.1879643357856,16.57997745546429,10.602066310464256
BK03 Bedford-Stuyvesant (CD 3 Approximation),BK03,BROOKLYN,7.264679470747852,2480.4109574468084,6095.0,0.0,8.0,3699.0,24.0,25.0,537.0,22.0,538.0,106.0,6.0,21.0,26.0,22.0,95.0,410.0,75.0,130.0,1273.0,13.0,220.0,156.0,65.0,19.0,32.0,75618.0,26792.0,4830.0,107240.0,219.0,1512.0,65.55998008959682,29.0,116.0,24627.0,0.226,0.231,0.53,0.032,0.188,2.537663414,2.937001391,2.601014925,4.516794963,4.537172811,2.650783399,18,2.087318518845168,0.006488240064882401,0.006758583400919167,0.14517437145174372,0.005947553392808867,0.14544471478778048,0.02865639361989727,0.0016220600162206002,0.0056772100567721,0.007028926736955934,0.005947553392808867,0.025682616923492836,0.11084076777507434,0.0202757502027575,0.03514463368477967,0.344147066774804,0.003514463368477967,0.05947553392808867,0.042173560421735604,1.101218578495171,509.1759402317046,16.03199743490257,9.89567146936377
BK04 Bushwick (CD 4 Equivalent),BK04,BROOKLYN,5.263301104795695,2480.4109574468084,6095.0,0.0,11.0,3692.0,18.0,17.0,521.0,20.0,577.0,120.0,9.0,12.0,31.0,10.0,104.0,433.0,71.0,104.0,1180.0,33.0,240.0,192.0,154.0,163.0,278.0,24780.0,82261.0,6499.0,113540.0,310.0,2486.0,69.82930037627337,25.0,595.0,22264.0,0.251,0.148,0.183,0.048,0.605,2.925479835,2.302937307,2.235093517,0.88836403,1.898912557,1.183496133,18,2.1128002013741423,0.004875406283856988,0.004604550379198266,0.14111592632719394,0.005417118093174431,0.15628385698808234,0.032502708559046585,0.002437703141928494,0.0032502708559046588,0.008396533044420368,0.0027085590465872156,0.028169014084507043,0.11728060671722644,0.019230769230769232,0.028169014084507043,0.3196099674972914,0.008938244853737811,0.06500541711809317,0.05200433369447454,2.08994313283298,701.4609133108511,16.030103238899507,10.214111457023657
BK05 East New York-Cypress Hills (CD 5 Approximation),BK05,BROOKLYN,15.371722565642834,2480.4109574468084,6095.0,0.0,15.0,3224.0,57.0,17.0,435.0,36.0,368.0,105.0,7.0,23.0,59.0,20.0,88.0,440.0,57.0,114.0,982.0,11.0,194.0,211.0,135.0,72.0,145.0,81157.0,57794.0,7060.0,146011.0,221.0,2065.0,64.17550225536377,14.0,352.0,22796.0,0.298,0.038,0.522,0.045,0.371,2.270682155,3.908765039,2.103154331,2.410916541,3.894222789,2.002814118,18,2.220686623529389,0.017679900744416874,0.005272952853598015,0.1349255583126551,0.011166253101736972,0.1141439205955335,0.032568238213399506,0.0021712158808933004,0.007133995037220843,0.018300248138957816,0.00620347394540943,0.02729528535980149,0.13647642679900746,0.017679900744416874,0.03535980148883375,0.304590570719603,0.003411910669975186,0.06017369727047146,0.06544665012406947,0.9758177677189109,209.7357655417179,15.894557762754602,10.52425661208643
BK06 Park Slope-Carroll Gardens (CD 6 Approximation),BK06,BROOKLYN,8.049412344565196,2105.1203350515466,7496.0,4.0,8.0,5338.0,34.0,14.0,512.0,94.0,802.0,232.0,12.0,54.0,134.0,19.0,197.0,781.0,138.0,325.0,1264.0,17.0,400.0,309.0,264.0,133.0,163.0,7933.0,20395.0,7306.0,35634.0,461.0,3504.0,66.69263791496708,71.0,560.0,57393.0,0.095,0.646,0.068,0.064,0.175,4.50545082,6.629636428,7.20065462,9.459732636,7.186998133,6.797665734,18,2.3240057878273017,0.006369426751592357,0.0026227051330086175,0.09591607343574372,0.017609591607343576,0.15024353690520795,0.043461970775571374,0.0022480329711502436,0.010116148370176097,0.02510303484451105,0.0035593855376545524,0.03690520794304983,0.146309479205695,0.0258523791682278,0.06088422630198576,0.23679280629449231,0.0031847133757961785,0.07493443237167478,0.05788684900711877,0.99386137242695,663.1540007518824,16.234734329732966,9.731628829723117
BK07 Sunset Park-Windsor Terrace (CD 7 Approximation),BK07,BROOKLYN,9.805634284560268,4110.773195876289,10699.0,1.0,9.0,6292.0,84.0,71.0,690.0,85.0,708.0,263.0,16.0,64.0,141.0,15.0,133.0,892.0,152.0,246.0,1738.0,9.0,634.0,351.0,353.0,253.0,542.0,3840.0,62339.0,49164.0,115343.0,424.0,3994.0,62.85869674113724,27.0,1148.0,20787.0,0.294,0.223,0.026,0.324,0.412,2.312304195,3.307364481,2.170550249,2.136147505,4.802942182,2.098303992,18,2.280828606143505,0.013350286077558804,0.011284170375079465,0.10966306420851875,0.0135092180546726,0.11252383979656706,0.041799109980928166,0.0025429116338207248,0.010171646535282899,0.022409408773045137,0.0023839796567069293,0.021137952956134774,0.1417673235855054,0.024157660521296885,0.039097266369993645,0.2762237762237762,0.0014303877940241576,0.10076287349014622,0.05578512396694215,0.9178396561425096,641.6719018276301,17.068400718154713,10.518618021533888
BK08 Crown Heights (North) (CD 8 Approximation),BK08,BROOKLYN,4.360856595570427,1397.494845360825,2678.0,1.0,2.0,2379.0,28.0,7.0,284.0,38.0,363.0,85.0,5.0,21.0,25.0,20.0,68.0,341.0,42.0,119.0,625.0,9.0,156.0,143.0,71.0,37.0,63.0,75704.0,15506.0,4509.0,95719.0,291.0,2053.0,69.62384669978708,38.0,171.0,29895.0,0.214,0.213,0.593,0.037,0.122,0.0,1.482363408,3.955710823,4.212970636,4.551775555,2.233945623,18,2.2589866946594763,0.011769651113913409,0.0029424127784783522,0.11937788986969315,0.015973097940311057,0.15258511979823455,0.03572929802437999,0.002101723413198823,0.008827238335435058,0.010508617065994116,0.008406893652795292,0.028583438419503993,0.14333753678015973,0.017654476670870115,0.050021017234131986,0.26271542664985287,0.0037831021437578815,0.06557377049180328,0.060109289617486336,0.4586254916136236,545.5350222744053,15.016872327638106,7.935941416194417
BK09 Crown Heights (South) (CD 9 Approximation),BK09,BROOKLYN,4.096329307287102,2480.4109574468084,6095.0,0.0,10.0,2982.0,15.0,8.0,603.0,22.0,387.0,91.0,8.0,16.0,10.0,6.0,31.0,280.0,46.0,82.0,1121.0,17.0,126.0,113.0,29.0,13.0,14.0,73991.0,10702.0,1996.0,86689.0,78.0,771.0,67.77943244808472,29.0,56.0,26140.0,0.221,0.198,0.663,0.018,0.096,1.256320872,5.003916398,2.71796189,3.783192789,3.766236934,2.385528041,18,1.9366952580596555,0.005030181086519115,0.0026827632461435278,0.2022132796780684,0.007377598926894702,0.12977867203219315,0.03051643192488263,0.0026827632461435278,0.0053655264922870555,0.00335345405767941,0.002012072434607646,0.01039570757880617,0.09389671361502347,0.015425888665325285,0.02749832327297116,0.37592219986586184,0.005700871898054996,0.04225352112676056,0.03789403085177733,2.44120998334061,727.9688170321699,15.816529164600967,10.118804942160107
BK10 Bay Ridge-Dyker Heights (CD 10 Approximation),BK10,BROOKLYN,10.145826507994883,3326.7,6828.0,1.0,4.0,4755.0,98.0,14.0,483.0,162.0,555.0,325.0,15.0,133.0,70.0,36.0,93.0,658.0,130.0,249.0,1137.0,28.0,301.0,268.0,276.0,32.0,124.0,2012.0,19288.0,30042.0,51342.0,304.0,2920.0,52.31385164076295,40.0,432.0,30858.0,0.19,0.573,0.015,0.24,0.154,4.488325238,3.918961695,3.305963139,7.017550359,5.61676221,4.235343126,18,2.4086339097154865,0.020609884332281808,0.0029442691903259727,0.10157728706624605,0.03406940063091483,0.1167192429022082,0.0683491062039958,0.0031545741324921135,0.02797055730809674,0.014721345951629864,0.007570977917981073,0.019558359621451103,0.1383806519453207,0.027339642481598318,0.05236593059936909,0.2391167192429022,0.005888538380651945,0.06330178759200841,0.05636172450052576,0.39425077856870616,468.66561302354944,16.576688138824053,9.496105608471185
BK11 Bensonhurst-Bath Beach (CD 11 Approximation),BK11,BROOKLYN,9.571513305646366,2480.4109574468084,6095.0,0.0,10.0,6138.0,69.0,49.0,761.0,133.0,681.0,306.0,17.0,114.0,50.0,26.0,144.0,866.0,192.0,255.0,1593.0,15.0,489.0,378.0,628.0,162.0,466.0,1637.0,27200.0,73858.0,102695.0,459.0,6457.0,59.5666261156547,29.0,1256.0,23329.0,0.23,0.442,0.009,0.391,0.144,1.934661739,3.158381857,2.284918865,4.691388121,5.734567795,2.753829497,18,2.3198282172387543,0.011241446725317693,0.007983056370153145,0.12398175301401108,0.02166829586184425,0.11094819159335288,0.04985337243401759,0.0027696318018898664,0.01857282502443793,0.008145975887911373,0.004235907461713913,0.02346041055718475,0.14108830237862496,0.03128054740957967,0.041544477028347994,0.2595307917888563,0.0024437927663734115,0.07966764418377321,0.06158357771260997,1.0447668702608253,641.2779049660945,16.53843383494092,10.118804942160107
BK12 Borough Park-Kensington (CD 12 Approximation),BK12,BROOKLYN,9.388604749014714,2480.4109574468084,6095.0,0.0,10.0,5635.0,46.0,29.0,944.0,92.0,424.0,227.0,19.0,59.0,91.0,8.0,117.0,663.0,100.0,187.0,1972.0,12.0,382.0,263.0,515.0,171.0,414.0,4002.0,18102.0,22821.0,44925.0,241.0,4917.0,43.864175869542784,28.0,1100.0,21103.0,0.283,0.707,0.023,0.14,0.109,4.010612735,6.006805696,1.661410176,3.16913343,6.679622235,3.377282145,18,2.122576862614182,0.00816326530612245,0.0051464063886424135,0.16752440106477373,0.0163265306122449,0.07524401064773735,0.04028393966282165,0.0033717834960070984,0.010470275066548358,0.016149068322981366,0.001419698314108252,0.020763087843833187,0.11765749778172138,0.01774622892635315,0.03318544809228039,0.3499556344276841,0.002129547471162378,0.06779059449866903,0.04667258207630878,1.065120991598826,600.1956787659385,16.452932032098165,10.118804942160107
BK13 Coney Island-Brighton Beach (CD 13 Approximation),BK13,BROOKLYN,8.473806321567437,3918.39,7729.0,1.0,7.0,2669.0,29.0,18.0,318.0,64.0,304.0,196.0,13.0,43.0,37.0,10.0,138.0,308.0,102.0,94.0,699.0,13.0,153.0,130.0,60.0,13.0,40.0,11850.0,16397.0,16547.0,44794.0,55.0,735.0,52.00605232331121,36.0,113.0,19345.0,0.24,0.575,0.106,0.145,0.15,2.979447799,2.785308465,2.090732369,5.783679059,4.822046989,2.88002545,18,2.370535525678874,0.010865492693892843,0.0067440989134507304,0.1191457474709629,0.02397901835893593,0.11390033720494568,0.07343574372424129,0.004870738104158861,0.01611090295991008,0.013862869988759834,0.003746721618583739,0.0517047583364556,0.11539902585237917,0.03821656050955414,0.03521918321468715,0.2618958411390034,0.004870738104158861,0.05732484076433121,0.04870738104158861,0.8260750522682679,314.9706163577153,16.162895379156005,10.219382740645873
BK14 Flatbush-Midwood (CD 14 Approximation),BK14,BROOKLYN,7.353028758826192,2350.800412371134,5640.0,2.0,9.0,3964.0,32.0,12.0,634.0,96.0,385.0,165.0,20.0,66.0,17.0,32.0,90.0,438.0,80.0,116.0,1365.0,9.0,207.0,200.0,294.0,69.0,206.0,52055.0,24455.0,17290.0,93800.0,308.0,4605.0,60.63873425139174,36.0,569.0,25708.0,0.221,0.396,0.32,0.105,0.151,2.085338923,3.899849146,3.583589407,5.800719872,5.797313853,3.568859498,18,2.152926404307759,0.008072653884964682,0.0030272452068617556,0.15993945509586277,0.024217961654894045,0.09712411705348133,0.04162462159434914,0.005045408678102927,0.016649848637739658,0.004288597376387487,0.008072653884964682,0.022704339051463168,0.1104944500504541,0.020181634712411706,0.029263370332996974,0.3443491422805247,0.002270433905146317,0.052219979818365285,0.050454086781029264,1.2239854208644116,539.0975787007253,16.047520152918285,9.95978299160039
BK15 Sheepshead Bay-Gravesend (East) (CD 15 Approximation),BK15,BROOKLYN,11.671372872641692,2480.4109574468084,6054.0,2.0,5.0,6254.0,39.0,35.0,784.0,150.0,690.0,422.0,21.0,132.0,51.0,29.0,119.0,793.0,161.0,266.0,1817.0,10.0,362.0,373.0,344.0,66.0,240.0,5594.0,13760.0,24408.0,43762.0,295.0,4893.0,48.581735757498365,40.0,650.0,29307.0,0.194,0.691,0.038,0.159,0.091,4.423866077,3.813166308,4.059021282,6.048824082,6.521919549,4.469707603,18,2.2685195210138414,0.006236008954269267,0.005596418292292933,0.12535976974736168,0.023984649824112567,0.11032938919091781,0.06747681483850336,0.0033578509753757597,0.02110649184521906,0.008154780940198274,0.00463703229932843,0.019027822193795972,0.12679884873680844,0.02574352414454749,0.042532779021426284,0.29053405820275024,0.0015989766549408379,0.05788295490885833,0.05964182922929325,0.4283986172458136,535.8409904510636,16.55715613656074,9.425698075062208
BK16 Ocean Hill-Brownsville (CD 16 Approximation),BK16,BROOKLYN,4.726504117519509,1853.01,4368.0,1.0,10.0,2177.0,14.0,13.0,379.0,27.0,191.0,134.0,9.0,9.0,5.0,5.0,73.0,227.0,77.0,44.0,734.0,4.0,116.0,116.0,55.0,18.0,27.0,91864.0,25850.0,1721.0,119435.0,146.0,1289.0,68.3723346478075,14.0,100.0,19274.0,0.282,0.021,0.742,0.015,0.211,0.146822672,2.883068302,0.175593681,2.245613272,3.591635552,0.614496873,18,2.117456656012614,0.006430868167202572,0.0059715204409738175,0.1740927882406982,0.01240238860817639,0.08773541570969223,0.061552595314653194,0.004134129536058797,0.004134129536058797,0.0022967386311437757,0.0022967386311437757,0.03353238401469913,0.10427193385392743,0.03536977491961415,0.020211299954065228,0.3371612310519063,0.0018373909049150207,0.0532843362425356,0.0532843362425356,2.1157286128099355,460.594119008723,15.21026993205213,9.8272056807123
BK17 East Flatbush (CD 17 Approximation),BK17,BROOKLYN,8.71108525928166,2774.278350515464,6095.0,1.0,3.0,4670.0,36.0,25.0,715.0,49.0,437.0,205.0,14.0,24.0,57.0,24.0,110.0,678.0,93.0,136.0,1522.0,18.0,314.0,213.0,50.0,20.0,44.0,121091.0,10216.0,1796.0,133103.0,85.0,895.0,63.98081455173101,22.0,114.0,27248.0,0.19,0.022,0.873,0.014,0.074,0.481582044,5.432465612,3.529226995,1.524973214,5.454276373,2.480958434,18,2.14349341500276,0.007708779443254818,0.0053533190578158455,0.15310492505353318,0.010492505353319057,0.09357601713062098,0.043897216274089934,0.0029978586723768737,0.005139186295503212,0.012205567451820129,0.005139186295503212,0.023554603854389723,0.14518201284796575,0.019914346895074948,0.029122055674518203,0.3259100642398287,0.003854389721627409,0.06723768736616702,0.045610278372591004,0.34438877713927785,536.0985297468092,16.377060366340334,9.026878371308824
BK18 Canarsie-Flatlands (CD 18 Approximation),BK18,BROOKLYN,23.16940406047367,999.9381443298968,2698.0,1.0,1.0,4655.0,54.0,37.0,671.0,107.0,459.0,253.0,17.0,69.0,71.0,13.0,102.0,713.0,112.0,153.0,1227.0,13.0,336.0,248.0,278.0,63.0,142.0,131897.0,16796.0,9077.0,157770.0,216.0,2808.0,47.585761909882784,30.0,483.0,32210.0,0.15,0.23,0.63,0.044,0.08,1.997908021,4.453672154,4.458754431,2.459296834,8.452839203,3.870718921,18,2.292776415597525,0.011600429645542427,0.0079484425349087,0.14414607948442534,0.022986036519871106,0.09860365198711063,0.05435016111707841,0.003651987110633727,0.014822771213748658,0.015252416756176154,0.0027926960257787323,0.021911922663802364,0.1531686358754028,0.02406015037593985,0.03286788399570355,0.2635875402792696,0.0027926960257787323,0.07218045112781955,0.053276047261009665,0.0431603677587017,200.9115119167564,15.353390825946096,6.908692983529673
BK55 Prospect Park (JIA 55 Approximation),BK55,BROOKLYN,2.5388508964427317,1868.7474747474748,4699.0,1.0,1.0,0.0,0.0,0.0,0.0,0.0,0.0,0.0,0.0,0.0,0.0,0.0,0.0,0.0,0.0,0.0,0.0,0.0,0.0,0.0,245.5,67.5,154.0,30197.0,20966.5,10215.0,94759.5,293.0,2864.0,63.70302974850394,29.5,521.5,25924.0,0.221,0.3135,0.222,0.0685,0.1525,2.4249838045,3.8565077270000003,3.0119625145000004,4.3648827995,5.138161681,2.8169274735,0,0.0,0.0,0.0,0.0,0.0,0.0,0.0,0.0,0.0,0.0,0.0,0.0,0.0,0.0,0.0,0.0,0.0,0.0,0.0,0.39387897942377526,0.0,0.0,7.533558660487886
BK56 Jamaica Bay (West) (JIA 56 Approximation),BK56,BROOKLYN,10.471497174957944,2480.4109574468084,6095.0,0.0,0.0,6.0,0.0,0.0,0.0,0.0,0.0,0.0,0.0,0.0,2.0,0.0,0.0,3.0,0.0,0.0,1.0,0.0,0.0,0.0,245.5,67.5,154.0,30197.0,20966.5,10215.0,94759.5,293.0,2864.0,63.70302974850394,29.5,521.5,25924.0,0.221,0.3135,0.222,0.0685,0.1525,2.4249838045,3.8565077270000003,3.0119625145000004,4.3648827995,5.138161681,2.8169274735,3,1.0114042647073516,0.0,0.0,0.0,0.0,0.0,0.0,0.0,0.0,0.3333333333333333,0.0,0.0,0.5,0.0,0.0,0.16666666666666666,0.0,0.0,0.0,0.0,0.5729839677891234,9.608006194216054,0.0
BX01 Melrose-Mott Haven-Port Morris (CD 1 Approximation),BX01,BRONX,5.411277665879034,4482.25,9285.0,1.0,9.0,4640.0,40.0,22.0,664.0,56.0,619.0,244.0,24.0,36.0,53.0,19.0,88.0,569.0,120.0,115.0,1453.0,34.0,288.0,196.0,211.0,147.0,355.0,45470.0,110055.0,1447.0,156972.0,304.0,3536.0,67.01324901553801,10.0,713.0,15510.0,0.293,0.016,0.282,0.008,0.682,0.296402698,3.005490318,0.0,3.384573689,2.865710089,0.669154368,18,2.1845330763300095,0.008620689655172414,0.0047413793103448275,0.14310344827586208,0.01206896551724138,0.1334051724137931,0.052586206896551725,0.005172413793103448,0.007758620689655172,0.011422413793103449,0.004094827586206897,0.01896551724137931,0.12262931034482759,0.02586206896551724,0.02478448275862069,0.3131465517241379,0.007327586206896552,0.06206896551724138,0.04224137931034483,1.6631931598612575,857.4684735284706,16.850350124778213,10.60512979764191
BX02 Longwood-Hunts Point (CD 2 Approximation),BX02,BRONX,5.7000049744506525,2559.40206185567,5952.0,0.0,6.0,2935.0,25.0,52.0,352.0,37.0,380.0,156.0,9.0,11.0,18.0,13.0,50.0,398.0,60.0,71.0,775.0,11.0,300.0,217.0,114.0,19.5,41.5,40637.0,90453.5,3694.5,132638.5,148.5,1580.0,61.039863761831086,15.5,168.5,19487.0,0.264,0.0555,0.2835,0.027999999999999997,0.6094999999999999,1.392328323,3.4195694675,1.820816768,2.3407506835,3.281207116,1.203780005,18,2.2442438639625117,0.008517887563884156,0.017717206132879047,0.11993185689948893,0.012606473594548553,0.12947189097103917,0.053151618398637135,0.0030664395229982964,0.003747870528109029,0.006132879045996593,0.004429301533219762,0.017035775127768313,0.13560477001703578,0.020442930153321975,0.024190800681431004,0.26405451448040884,0.003747870528109029,0.10221465076660988,0.07393526405451448,1.0526306603053903,514.9118313327201,15.83199180598963,9.639353527088808
BX03 Morrisania-Crotona Park East (CD 3 Approximation),BX03,BRONX,4.285443415439056,2559.40206185567,5952.0,0.0,2.0,2422.0,37.0,9.0,241.0,25.0,363.0,149.0,9.0,9.0,27.0,13.0,45.0,396.0,67.0,90.0,544.0,17.0,183.0,198.0,68.0,17.0,39.0,51541.0,109141.0,1324.0,162006.0,112.0,1271.0,62.15027426087556,12.0,124.0,14213.0,0.308,0.045,0.301,0.008,0.635,0.046128128,1.765045746,0.501338374,1.286041906,2.144953355,0.0,18,2.2990920623816415,0.0152766308835673,0.0037159372419488025,0.09950454170107349,0.01032204789430223,0.14987613542526837,0.06151940545004129,0.0037159372419488025,0.0037159372419488025,0.011147811725846408,0.0053674649050371595,0.018579686209744012,0.1635012386457473,0.027663088356729974,0.037159372419488024,0.22460776218001652,0.007018992568125516,0.07555739058629232,0.08175061932287365,0.4666961632942467,565.1690537493328,15.639878026037056,8.540871460214104
BX04 Highbridge-Concourse (CD 4 Approximation),BX04,BRONX,5.372822596615334,1807.175,5952.0,2.0,4.0,5452.0,59.0,21.0,773.0,74.0,735.0,184.0,14.0,99.0,19.0,21.0,69.0,743.0,92.0,182.0,1622.0,31.0,319.0,395.0,31.0,6.0,10.0,43801.0,90360.0,2429.0,136590.0,83.0,786.0,67.29935648952625,15.0,47.0,16710.0,0.323,0.017,0.308,0.017,0.641,0.272740537,3.712555474,0.452719533,0.839734266,2.512425243,0.330753432,18,2.1750893322846245,0.010821716801173881,0.003851797505502568,0.1417828319882612,0.013573000733675716,0.13481291269258988,0.03374908290535583,0.0025678650036683784,0.018158473954512106,0.003484959647835657,0.003851797505502568,0.012655906089508437,0.13628026412325753,0.016874541452677916,0.03338224504768892,0.297505502567865,0.005685986793837124,0.05851063829787234,0.07245047688921497,0.7444876371908952,1014.7366494911901,16.103258025814693,8.885952820515985
BX05 Morris Heights-Mount Hope (CD 5 Approximation),BX05,BRONX,3.6880840736494083,6433.07,15890.0,1.0,7.0,5268.0,89.0,16.0,758.0,59.0,777.0,191.0,15.0,33.0,22.0,38.0,61.0,699.0,83.0,136.0,1678.0,15.0,326.0,272.0,68.0,19.0,56.0,37473.0,94206.0,1908.0,133587.0,144.0,1585.0,65.35902331771105,14.0,143.0,15628.0,0.344,0.013,0.274,0.015,0.688,3.125508772,0.544872894,1.365477184,0.0,1.538734934,0.410660341,18,2.1110323223924596,0.01689445709946849,0.0030372057706909645,0.14388762338648445,0.011199696279422931,0.14749430523917995,0.03625664388762339,0.0028473804100227792,0.006264236902050114,0.004176157934700076,0.00721336370539104,0.0115793470007593,0.1326879271070615,0.015755504935459377,0.025816249050873197,0.3185269552012149,0.0028473804100227792,0.061883067577828396,0.051632498101746395,1.8980044544031793,1428.3839236851354,17.33861324511553,10.715139508235845
BX06 Tremont-Belmont-West Farms (CD 6 Approximation),BX06,BRONX,4.080718124133877,2155.7319587628867,6119.0,1.0,3.0,3925.0,37.0,9.0,453.0,77.0,572.0,195.0,17.0,33.0,10.0,15.0,53.0,478.0,89.0,158.0,1185.0,19.0,217.0,308.0,114.0,19.5,41.5,40637.0,90453.5,3694.5,132638.5,148.5,1580.0,61.039863761831086,15.5,168.5,19487.0,0.264,0.0555,0.2835,0.027999999999999997,0.6094999999999999,1.392328323,3.4195694675,1.820816768,2.3407506835,3.281207116,1.203780005,18,2.191183903277693,0.009426751592356689,0.0022929936305732482,0.1154140127388535,0.019617834394904457,0.14573248407643313,0.049681528662420385,0.004331210191082803,0.008407643312101911,0.0025477707006369425,0.003821656050955414,0.013503184713375796,0.12178343949044586,0.02267515923566879,0.040254777070063696,0.3019108280254777,0.004840764331210191,0.055286624203821653,0.07847133757961783,0.7351647207038451,961.8405095875306,15.951007349308634,8.774652504142077
BX07 Fordham-Bedford Park-Norwood (CD 7 Approximation),BX07,BRONX,5.443417500763969,2022.4536082474224,3981.0,1.0,7.0,4206.0,37.0,12.0,571.0,92.0,624.0,216.0,21.0,57.0,21.0,18.0,70.0,448.0,83.0,161.0,1299.0,17.0,201.0,258.0,155.0,28.0,44.0,19946.0,90547.0,7995.0,118488.0,333.0,3069.0,67.63367038543338,16.0,227.0,18674.0,0.264,0.066,0.154,0.061,0.696,0.737827981,2.297732958,2.433739036,2.205196375,1.800646458,0.985036098,18,2.1939237474201647,0.00879695672848312,0.0028530670470756064,0.1357584403233476,0.021873514027579647,0.14835948644793154,0.05135520684736091,0.004992867332382311,0.01355206847360913,0.004992867332382311,0.0042796005706134095,0.016642891107941038,0.10651450309082264,0.019733713742272944,0.03827864954826438,0.30884450784593437,0.004041844983357109,0.04778887303851641,0.06134094151212553,1.2859568458633879,772.6763562430585,15.956334184664453,9.558047492964395
BX08 Riverdale-Kingsbridge-Marble Hill (CD 8 Approximation),BX08,BRONX,8.014348530899367,2559.40206185567,5893.0,1.0,4.0,3438.0,33.0,21.0,425.0,69.0,468.0,263.0,13.0,45.0,16.0,18.0,53.0,444.0,107.0,109.0,967.0,27.0,189.0,171.0,71.0,7.0,29.0,13643.0,52398.0,5882.0,71923.0,153.0,1575.0,56.06795606795607,39.0,107.0,30437.0,0.152,0.324,0.124,0.052,0.477,1.919035719,4.585010881,3.970855777,7.4913156,5.184720365,3.960089745,18,2.260685825777068,0.009598603839441536,0.006108202443280977,0.12361838278068644,0.02006980802792321,0.13612565445026178,0.07649796393251891,0.0037812681791739382,0.013089005235602094,0.004653868528214078,0.005235602094240838,0.015415939499709133,0.12914485165794065,0.031122745782431648,0.03170447934845841,0.2812681791739383,0.007853403141361256,0.0549738219895288,0.049738219895287955,0.4991048223792585,428.9805948349727,15.990174240193525,9.233920976018815
BX09 Soundview-Parkchester (CD 9 Approximation),BX09,BRONX,10.443194789000952,2559.40206185567,5952.0,0.0,4.0,4680.0,46.0,21.0,639.0,92.0,631.0,179.0,22.0,50.0,37.0,20.0,94.0,457.0,99.0,175.0,1610.0,17.0,244.0,247.0,141.0,20.0,68.0,55079.0,110649.0,13570.0,179298.0,233.0,2093.0,59.9294532627866,14.0,229.0,20300.0,0.264,0.028,0.288,0.071,0.584,1.077984493,3.899310741,1.040062293,2.879896259,3.696704143,1.422523912,18,2.1559314290944633,0.009829059829059829,0.004487179487179487,0.13653846153846153,0.019658119658119658,0.13482905982905982,0.03824786324786325,0.004700854700854701,0.010683760683760684,0.007905982905982906,0.004273504273504274,0.020085470085470087,0.09764957264957265,0.021153846153846155,0.03739316239316239,0.344017094017094,0.0036324786324786326,0.05213675213675214,0.05277777777777778,0.3830245514727835,448.13872522315677,16.298582413002425,9.233920976018815
BX10 Co-op City-Throgs Neck (CD 10 Approximation),BX10,BRONX,16.060498688893983,2559.40206185567,5952.0,0.0,6.0,3859.0,52.0,22.0,301.0,93.0,593.0,197.0,12.0,53.0,35.0,21.0,118.0,578.0,76.0,143.0,1206.0,3.0,203.0,153.0,236.0,36.0,81.0,34752.0,45500.0,3577.0,83829.0,260.0,2411.0,43.94667493411874,25.0,353.0,31573.0,0.14,0.293,0.285,0.03,0.371,3.440500048,4.703062631,3.993143129,6.827386299,6.575279816,4.525947159,18,2.2062209523691356,0.01347499352163773,0.005700958797615963,0.0779994817310184,0.02409950764446748,0.15366675304483027,0.05104949468774294,0.003109613889608707,0.013734128012438455,0.009069707178025395,0.005441824306815237,0.03057786991448562,0.14977973568281938,0.019694221300855144,0.037056232184503754,0.31251619590567503,0.0007774034724021767,0.05260430163254729,0.039647577092511016,0.37358740324477396,240.27896485359713,16.105692403390027,9.639353527088808
BX11 Pelham Parkway-Morris Park (CD 11 Approximation),BX11,BRONX,9.422339366299965,2852.29,5900.0,1.0,4.0,4648.0,56.0,7.0,486.0,122.0,623.0,273.0,9.0,90.0,37.0,12.0,101.0,608.0,126.0,251.0,1241.0,19.0,244.0,343.0,87.0,11.0,15.0,28076.0,60838.0,9779.0,98693.0,61.0,689.0,51.82578333180189,22.0,113.0,25358.0,0.205,0.218,0.215,0.076,0.47,2.329568091,3.99776457,2.276156352,2.476304992,4.240034444,2.180630429,18,2.299664629511594,0.012048192771084338,0.0015060240963855422,0.10456110154905336,0.026247848537005163,0.13403614457831325,0.058734939759036146,0.00193631669535284,0.0193631669535284,0.007960413080895009,0.0025817555938037868,0.021729776247848536,0.13080895008605853,0.02710843373493976,0.05400172117039587,0.26699655765920827,0.004087779690189329,0.05249569707401033,0.07379518072289157,0.4245230239006717,493.2957537725805,16.400069833355335,9.342259465544831
BX12 Wakefield-Williamsbridge-Eastchester (CD 12 Approximation),BX12,BRONX,13.951371836539563,2559.40206185567,5952.0,0.0,9.0,4924.0,48.0,19.0,543.0,65.0,666.0,183.0,3.0,50.0,27.0,28.0,88.0,745.0,79.0,239.0,1401.0,17.0,302.0,421.0,143.0,30.0,21.0,95164.0,32714.0,3812.0,131690.0,102.0,984.0,49.82769270782535,23.0,194.0,26136.0,0.232,0.069,0.655,0.026,0.226,1.706672153,3.126583461,3.535724348,1.049708111,4.637372866,2.127159355,18,2.1983281759990287,0.00974817221770918,0.003858651502843217,0.11027619821283509,0.013200649878147848,0.13525588952071488,0.03716490658001625,0.0006092607636068237,0.010154346060113728,0.005483346872461413,0.005686433793663688,0.017871649065800164,0.15129975629569456,0.016043866774979692,0.048537774167343624,0.2845247766043867,0.0034524776604386675,0.06133225020308692,0.0854995938261576,0.6450978516985983,352.9402024182109,16.34940550725806,10.044796929915975
BX26 Van Cortlandt Park (JIA 26 Equivalent),BX26,BRONX,4.706343511677889,2559.40206185567,5952.0,0.0,0.0,0.0,0.0,0.0,0.0,0.0,0.0,0.0,0.0,0.0,0.0,0.0,0.0,0.0,0.0,0.0,0.0,0.0,0.0,0.0,114.0,19.5,41.5,40637.0,90453.5,3694.5,132638.5,148.5,1580.0,61.039863761831086,15.5,168.5,19487.0,0.264,0.0555,0.2835,0.027999999999999997,0.6094999999999999,1.392328323,3.4195694675,1.820816768,2.3407506835,3.281207116,1.203780005,0,0.0,0.0,0.0,0.0,0.0,0.0,0.0,0.0,0.0,0.0,0.0,0.0,0.0,0.0,0.0,0.0,0.0,0.0,0.0,0.0,0.0,0.0,0.0
BX27 Bronx Park (JIA 27 Approximation),BX27,BRONX,3.108628460018382,2559.40206185567,5952.0,0.0,0.0,0.0,0.0,0.0,0.0,0.0,0.0,0.0,0.0,0.0,0.0,0.0,0.0,0.0,0.0,0.0,0.0,0.0,0.0,0.0,114.0,19.5,41.5,40637.0,90453.5,3694.5,132638.5,148.5,1580.0,61.039863761831086,15.5,168.5,19487.0,0.264,0.0555,0.2835,0.027999999999999997,0.6094999999999999,1.392328323,3.4195694675,1.820816768,2.3407506835,3.281207116,1.203780005,0,0.0,0.0,0.0,0.0,0.0,0.0,0.0,0.0,0.0,0.0,0.0,0.0,0.0,0.0,0.0,0.0,0.0,0.0,0.0,0.0,0.0,0.0,0.0
BX28 Pelham Bay Park (JIA 28 Approximation),BX28,BRONX,9.223578166405524,2559.40206185567,5952.0,0.0,0.0,0.0,0.0,0.0,0.0,0.0,0.0,0.0,0.0,0.0,0.0,0.0,0.0,0.0,0.0,0.0,0.0,0.0,0.0,0.0,114.0,19.5,41.5,40637.0,90453.5,3694.5,132638.5,148.5,1580.0,61.039863761831086,15.5,168.5,19487.0,0.264,0.0555,0.2835,0.027999999999999997,0.6094999999999999,1.392328323,3.4195694675,1.820816768,2.3407506835,3.281207116,1.203780005,0,0.0,0.0,0.0,0.0,0.0,0.0,0.0,0.0,0.0,0.0,0.0,0.0,0.0,0.0,0.0,0.0,0.0,0.0,0.0,0.0,0.0,0.0,0.0
MN01 Financial District-Tribeca (CD 1 Equivalent),MN01,MANHATTAN,4.161890212500045,4996.2883804536295,19725.0,7.0,16.0,6352.0,9.0,52.0,803.0,123.0,1357.0,156.0,44.0,81.0,34.0,15.0,71.0,712.0,107.0,164.0,1885.0,150.0,378.0,211.0,303.0,262.0,727.0,3518.0,10877.0,24407.0,38802.0,1844.0,18626.0,52.69347334272421,83.0,1292.0,79181.0,0.088,0.716,0.022,0.159,0.07,7.914247985,10.0,10.0,9.72256636,5.626511329,8.717695703,18,2.1282956303641187,0.0014168765743073047,0.00818639798488665,0.1264168765743073,0.019363979848866498,0.21363350125944586,0.02455919395465995,0.0069269521410579345,0.012751889168765743,0.0053526448362720405,0.0023614609571788415,0.011177581863979848,0.11209068010075567,0.016845088161209068,0.025818639798488665,0.29675692695214106,0.023614609571788413,0.0595088161209068,0.03321788413098237,3.8444070321568646,1526.2295917662752,17.27297562628465,11.289051823295626
MN02 Greenwich Village-SoHo (CD 2 Equivalent),MN02,MANHATTAN,3.5244208324735116,4971.496251490287,19584.0,3.0,13.0,15695.0,16.0,39.0,2467.0,155.0,3090.0,307.0,42.0,81.0,89.0,39.0,168.0,1298.0,181.0,534.0,5707.0,156.0,704.0,622.0,114.5,47.0,180.5,11863.0,30008.5,19861.5,72101.5,631.5,7489.5,60.85623259018912,60.5,342.0,45959.5,0.144,0.47,0.069,0.0925,0.191,4.71192458,7.5099238305,4.357333762,9.0114323365,4.550210111,5.146720386,18,1.9446074632048806,0.0010194329404268876,0.0024848677922905383,0.15718381650207072,0.009875756610385472,0.19687798661994266,0.019560369544440903,0.0026760114686205797,0.005160879260911118,0.0056705957311245616,0.0024848677922905383,0.010704045874482319,0.08270149729213125,0.011532335138579165,0.03402357438674737,0.36361898693851546,0.009939471169162153,0.044855049378783055,0.03963045555909525,3.6885493015532798,4453.213945221441,18.172573612512128,11.076440960584007
MN03 Lower East Side-Chinatown (CD 3 Equivalent),MN03,MANHATTAN,4.366125895099688,2814.1379381443303,7481.0,2.0,6.0,14808.0,48.0,76.0,1685.0,174.0,3031.0,411.0,84.0,122.0,87.0,57.0,287.0,1726.0,194.0,475.0,4579.0,104.0,958.0,710.0,194.0,116.0,325.0,12538.0,40010.0,49433.0,101981.0,1416.0,8573.0,55.308868745757295,43.0,635.0,25667.0,0.18,0.331,0.079,0.311,0.249,4.480953055,9.212290273,2.230561839,8.447075588,0.0,3.672505844,18,2.104425511130915,0.0032414910858995136,0.005132360886007563,0.11378984332793085,0.011750405186385737,0.20468665586169638,0.027755267423014585,0.005672609400324149,0.008238789843327932,0.0058752025931928685,0.0038492706645056724,0.019381415451107508,0.11655861696380335,0.013101026472177202,0.03207725553754727,0.3092247433819557,0.007023230686115613,0.06469475958941114,0.047947055645596974,1.3742159855569183,3391.5650523544746,17.545334133253693,9.734229947245684
MN04 Chelsea-Hell's Kitchen (CD 4 Approximation),MN04,MANHATTAN,4.464369099449153,3648.757731958763,16529.0,2.0,6.0,9896.0,18.0,47.0,1024.0,133.0,2211.0,233.0,46.0,72.0,37.0,25.0,99.0,1304.0,121.0,332.0,3006.0,113.0,629.0,446.0,675.0,1082.0,5029.0,8107.0,21717.0,24230.0,54054.0,2146.0,32137.0,46.74712309417972,75.0,6786.0,65905.0,0.108,0.609,0.054,0.162,0.146,10.0,9.888136849,9.240777022,10.0,10.0,10.0,18,2.0581536001406704,0.001818916734033953,0.004749393694421989,0.10347615198059822,0.013439773645917542,0.22342360549717058,0.023544866612772837,0.004648342764753436,0.007275666936135812,0.0037388843977364593,0.0025262732417138238,0.010004042037186743,0.13177041228779304,0.012227162489894907,0.03354890864995958,0.3037590945836702,0.011418755052546484,0.06356103476151981,0.045068714632174614,1.343974896865119,2216.6625965628696,17.40202798300359,9.993947187068244
MN05 Midtown-Flatiron-Union Square (CD 5 Approximation),MN05,MANHATTAN,3.663312159506329,9396.0428116136,50827.0,12.0,19.0,19752.0,32.0,280.0,2717.0,584.0,3789.0,325.0,88.0,342.0,207.0,87.0,263.0,1402.0,194.0,445.0,6995.0,284.0,1162.0,556.0,114.5,47.0,180.5,11863.0,30008.5,19861.5,72101.5,631.5,7489.5,60.85623259018912,60.5,342.0,45959.5,0.144,0.47,0.069,0.0925,0.191,4.71192458,7.5099238305,4.357333762,9.0114323365,4.550210111,5.146720386,18,2.069976506881998,0.0016200891049007696,0.014175779667881734,0.13755569056298098,0.029566626164439044,0.19182867557715674,0.01645402997164844,0.0044552450384771165,0.017314702308626976,0.010479951397326853,0.004404617253948967,0.0133151073309032,0.07098015390846496,0.009821790198460915,0.022529364115026325,0.3541413527744026,0.01437829080599433,0.05882948562170919,0.02814904819765087,5.186563190006843,5391.841901527113,19.0390539385475,12.092488482747266
MN06 East Midtown-Murray Hill (CD 6 Approximation),MN06,MANHATTAN,4.0043574640270405,6113.796886597938,28056.0,5.0,4.0,10459.0,33.0,41.0,1054.0,246.0,2152.0,545.0,11.0,136.0,56.0,11.0,125.0,1113.0,255.0,399.0,3120.0,151.0,475.0,536.0,385.0,203.0,1346.0,4353.0,12815.0,24098.0,41266.0,1318.0,22156.0,45.64459930313589,80.0,1934.0,73067.0,0.1,0.694,0.032,0.158,0.087,5.970048643,7.427073806,8.787773771,9.997055176,9.236693429,8.366080442,18,2.15869651285473,0.0031551773592121616,0.003920068840233292,0.1007744526245339,0.023520413041399752,0.205755808394684,0.05210823214456449,0.001051725786404054,0.013003155177359213,0.005354240367147911,0.001051725786404054,0.011951429390955158,0.10641552729706473,0.024380915957548523,0.038148962615928865,0.29830767759824073,0.01443732670427383,0.0454154316856296,0.051247729228415716,0.9989118194201727,2611.904679828897,17.973521427257822,10.104638532268439
MN07 Upper West Side (CD 7 Approximation),MN07,MANHATTAN,5.054715663802142,3781.1879381443305,11244.0,2.0,8.0,8129.0,11.0,17.0,1139.0,91.0,1378.0,463.0,11.0,64.0,43.0,18.0,78.0,845.0,302.0,320.0,2433.0,73.0,397.0,446.0,100.0,39.0,132.0,11188.0,27881.0,17822.0,56891.0,565.0,6406.0,67.4601615153361,75.0,271.0,65844.0,0.09,0.677,0.06,0.092,0.144,4.942896105,7.592773855,5.895307704,9.81633061,6.909261698,6.620934928,18,2.139575535694912,0.0013531799729364006,0.002091278139992619,0.14011563537950547,0.011194488867019313,0.16951654570057817,0.05695657522450486,0.0013531799729364006,0.00787304711526633,0.0052897035305695655,0.0022142945011686555,0.00959527617173084,0.10394882519375077,0.037150941075162994,0.039365235576331654,0.2992988067412966,0.008980194365850657,0.048837495386886455,0.05486529708451224,1.5826805169852867,1608.2012403216743,17.240986734872074,10.317268108118965
MN08 Upper East Side-Roosevelt Island (CD 8 Equivalent),MN08,MANHATTAN,5.129295060788341,2099.8936170212764,7220.0,1.0,9.0,14130.0,18.0,14.0,1960.0,168.0,1927.0,821.0,29.0,89.0,106.0,25.0,88.0,1675.0,499.0,672.0,4426.0,103.0,657.0,853.0,129.0,55.0,229.0,6215.0,19962.0,21901.0,48078.0,698.0,8896.0,56.68946806838766,80.0,413.0,71933.0,0.073,0.761,0.028,0.093,0.09,6.287827099,8.44196172,6.628083617,9.575789085,5.804530594,6.999344814,18,2.1305875119693463,0.0012738853503184713,0.0009907997169143665,0.1387119603680113,0.0118895966029724,0.13637650389242745,0.0581033262561925,0.0020523708421797595,0.0062986553432413305,0.007501769285208776,0.0017692852087756545,0.006227883934890304,0.11854210898796887,0.03531493276716206,0.0475583864118896,0.3132342533616419,0.0072894550601556975,0.0464968152866242,0.060368011323425334,1.7546270770815737,2754.7645110180706,17.20569747324798,9.846919452536813
MN09 Morningside Heights-Hamilton Heights (CD 9 Equivalent),MN09,MANHATTAN,3.9614965228475914,4530.83,13886.5,0.0,6.0,3802.0,16.0,28.0,365.0,57.0,762.0,169.0,17.0,46.0,12.0,12.0,43.0,549.0,103.0,156.0,1023.0,30.0,285.0,129.0,67.0,11.0,25.0,27583.0,49179.0,10550.0,87312.0,224.0,1962.0,68.09494764664024,46.0,103.0,24561.0,0.235,0.286,0.215,0.083,0.379,0.173236124,2.489594462,2.804228667,4.600478436,3.473908893,1.874593734,18,2.1809776290604086,0.004208311415044713,0.007364544976328248,0.09600210415570752,0.01499210941609679,0.20042083114150447,0.044450289321409785,0.004471330878485008,0.01209889531825355,0.003156233561283535,0.003156233561283535,0.011309836927932667,0.14439768542872172,0.027091004734350343,0.041031036296685953,0.2690689110994214,0.007890583903208837,0.07496054708048396,0.033929510783798,1.514579140836175,959.738315576523,16.66194300575129,10.21045667822215
MN10 Harlem (CD 10 Equivalent),MN10,MANHATTAN,3.5506855794902528,4945.84,9667.0,1.0,8.0,4957.0,26.0,18.0,611.0,87.0,774.0,214.0,20.0,43.0,28.0,19.0,48.0,579.0,87.0,176.0,1590.0,38.0,344.0,255.0,38.0,11.0,9.0,78162.0,32136.0,4440.0,114738.0,161.0,1270.0,74.054494372683,35.0,58.0,26075.0,0.211,0.131,0.571,0.032,0.236,2.01629287,4.020708792,2.733092588,5.572345952,3.242535414,2.651484408,18,2.141585365618771,0.005245107928182368,0.0036312285656647167,0.12326003631228566,0.01755093806737946,0.1561428283235828,0.04317127294734718,0.004034698406294129,0.008674601573532378,0.005648577768811782,0.003832963485979423,0.00968327617510591,0.11680451886221505,0.01755093806737946,0.03550534597538834,0.3207585233003833,0.007665926971958846,0.06939681258825903,0.05144240468025015,2.2530860085754214,1396.0684180635453,17.01485813699426,10.585768913310766
MN11 East Harlem (CD 11 Equivalent),MN11,MANHATTAN,6.153880420832081,4530.83,13886.5,0.0,5.0,4988.0,31.0,13.0,560.0,58.0,849.0,213.0,20.0,30.0,29.0,23.0,79.0,675.0,107.0,220.0,1400.0,37.0,316.0,328.0,73.0,20.0,25.0,36283.0,55468.0,9618.0,101369.0,240.0,1721.0,70.02541984414718,32.0,118.0,19510.0,0.231,0.152,0.298,0.075,0.452,0.948343111,2.83327456,2.81935982,6.461446952,2.84090488,2.336565755,18,2.191217349353609,0.006214915797914996,0.0026062550120288693,0.11226944667201283,0.011627906976744186,0.1702085004009623,0.04270248596631917,0.00400962309542903,0.006014434643143544,0.005813953488372093,0.004611066559743384,0.015838011226944667,0.13532477947072974,0.02145148356054531,0.044105854049719326,0.2806736166800321,0.007417802726543705,0.06335204490777867,0.06575781876503609,0.8124954757122073,810.5454865704979,16.933450775700006,10.028142478134274
MN12 Washington Heights-Inwood (CD 12 Equivalent),MN12,MANHATTAN,7.246168324945335,4115.82,8747.0,1.0,12.0,10523.0,66.0,67.0,1236.0,198.0,1744.0,637.0,76.0,122.0,23.0,39.0,71.0,1220.0,288.0,360.0,2999.0,66.0,667.0,644.0,60.0,22.0,48.0,16969.0,153399.0,5864.0,176232.0,334.0,3049.0,65.02299711199059,32.0,130.0,20421.0,0.199,0.178,0.078,0.027,0.701,0.03203416,0.0,2.033092328,4.741060441,3.373796809,1.209792505,18,2.212256571259906,0.006271975672336786,0.0063670056067661315,0.11745699895467072,0.018815927017010358,0.1657322056447781,0.06053406823149292,0.007222275016630238,0.011593652000380119,0.002185688491874941,0.0037061674427444646,0.0067471253444835125,0.1159365200038012,0.02736862111565143,0.03421077639456429,0.2849947733536064,0.006271975672336786,0.06338496626437327,0.06119927777249834,1.656047646407735,1452.2157819290496,17.583912004049008,10.80752026088144
MN64 Central Park (JIA 64 Equivalent),MN64,MANHATTAN,3.5593391263426715,4530.83,13886.5,0.0,6.0,0.0,0.0,0.0,0.0,0.0,0.0,0.0,0.0,0.0,0.0,0.0,0.0,0.0,0.0,0.0,0.0,0.0,0.0,0.0,114.5,47.0,180.5,11863.0,30008.5,19861.5,72101.5,631.5,7489.5,60.85623259018912,60.5,342.0,45959.5,0.144,0.47,0.069,0.0925,0.191,4.71192458,7.5099238305,4.357333762,9.0114323365,4.550210111,5.146720386,0,0.0,0.0,0.0,0.0,0.0,0.0,0.0,0.0,0.0,0.0,0.0,0.0,0.0,0.0,0.0,0.0,0.0,0.0,0.0,1.6857061906784874,0.0,0.0,10.21045667822215
QN01 Astoria-Queensbridge (CD 1 Equivalent),QN01,QUEENS,16.162233171982386,3543.8917525773195,12100.0,2.0,11.0,9880.0,119.0,69.0,866.0,217.0,1336.0,374.0,43.0,144.0,140.0,52.0,324.0,1696.0,187.0,488.0,2293.0,52.0,776.0,704.0,665.0,96.0,193.0,11042.0,46914.0,27301.0,85257.0,537.0,4187.0,67.42496150519943,44.0,954.0,31658.0,0.183,0.478,0.063,0.159,0.272,4.199391307,7.443763502,4.901631079,6.855971164,4.646814747,4.980345913,18,2.3457451016329403,0.012044534412955466,0.0069838056680161945,0.08765182186234818,0.021963562753036438,0.13522267206477734,0.03785425101214575,0.004352226720647773,0.014574898785425101,0.01417004048582996,0.005263157894736842,0.03279352226720648,0.17165991902834007,0.018927125506072874,0.04939271255060729,0.23208502024291497,0.005263157894736842,0.07854251012145749,0.07125506072874493,0.6805990164198819,611.3016620207667,17.371248586705544,10.57090169220557
QN02 Long Island City-Sunnyside-Woodside (CD 2 Approximation),QN02,QUEENS,12.200252418124835,761.0824742268042,2579.0,1.0,14.0,6375.0,67.0,47.0,588.0,109.0,1024.0,237.0,52.0,70.0,131.0,32.0,155.0,1102.0,132.0,295.0,1332.0,34.0,534.0,434.0,701.0,390.0,536.0,1959.0,46126.0,48756.0,96841.0,520.0,5479.0,68.97549469988893,38.0,1627.0,31245.0,0.204,0.281,0.013,0.352,0.332,4.02865576,3.066736923,3.644232652,4.7716885,3.466084174,3.162262769,18,2.346753941442619,0.010509803921568627,0.007372549019607843,0.09223529411764705,0.017098039215686273,0.16062745098039216,0.0371764705882353,0.00815686274509804,0.010980392156862745,0.02054901960784314,0.005019607843137255,0.02431372549019608,0.17286274509803923,0.020705882352941178,0.04627450980392157,0.20894117647058824,0.005333333333333333,0.08376470588235294,0.06807843137254901,1.1475172414630896,522.5301724519426,15.394881304240139,9.273892904609488
QN03 Jackson Heights-East Elmhurst (CD 3 Approximation),QN03,QUEENS,7.6219256186339175,4026.075,14738.0,2.0,3.0,6749.0,58.0,34.0,940.0,136.0,875.0,373.0,36.0,101.0,32.0,37.0,173.0,780.0,202.0,244.0,1983.0,23.0,342.0,380.0,245.0,37.0,73.0,8778.0,120456.0,31236.0,160470.0,326.0,2567.0,63.94609712687516,20.0,355.0,22853.0,0.254,0.1,0.048,0.169,0.667,1.795952203,2.27420521,2.383733932,1.195232628,4.75548289,1.692096997,18,2.251083142395198,0.008593865757890057,0.005037783375314861,0.13927989331752852,0.020151133501259445,0.1296488368647207,0.05526744702918951,0.005334123573862795,0.014965180026670619,0.004741443176766928,0.005482293673136761,0.025633427174396206,0.11557267743369389,0.029930360053341237,0.036153504222847826,0.2938213068602756,0.0034079122833012296,0.05067417395169655,0.05630463772410727,0.39360132204198706,885.4717741537902,17.117696896484315,9.399242313801606
QN04 Elmhurst-Corona (CD 4 Approximation),QN04,QUEENS,6.143482198096751,1634.7113402061857,4470.0,1.0,7.0,5626.0,42.0,30.0,784.0,104.0,840.0,345.0,22.0,94.0,43.0,19.0,140.0,646.0,192.0,230.0,1396.0,21.0,346.0,332.0,291.0,82.0,142.0,11135.0,72194.0,47214.0,130543.0,391.0,3174.0,66.00045630846452,22.0,515.0,21889.0,0.271,0.063,0.079,0.332,0.507,3.012712713,2.492034122,1.980666462,0.207749269,4.132507215,1.530314558,18,2.3061495324839356,0.007465339495200853,0.005332385353714895,0.1393530039104159,0.01848560255954497,0.14930678990401705,0.0613224315677213,0.0039104159260575895,0.01670814077497334,0.0076430856736580165,0.0033771773906861,0.024884464984002843,0.11482403128332741,0.03412726626377533,0.04088162104514753,0.24813366512619978,0.0037326697476004265,0.061500177746178455,0.05901173124777817,1.139418944221666,915.7672828844418,16.034375615194154,9.34521905247695
QN05 Ridgewood-Maspeth-Middle Village (CD 5 Approximation),QN05,QUEENS,20.341395861329044,1729.764914089347,6221.0,3.0,5.0,5933.0,62.0,81.0,553.0,111.0,644.0,270.0,13.0,100.0,121.0,18.0,265.0,1004.0,124.0,339.0,1245.0,18.0,541.0,424.0,910.0,182.0,412.0,2672.0,62350.0,14652.0,79674.0,338.0,4033.0,52.70092541667663,25.0,1504.0,31420.0,0.186,0.531,0.015,0.084,0.358,4.116461156,4.116770743,3.565295625,4.390752331,6.142149413,3.861993083,18,2.3987996157435303,0.010450025282319232,0.013652452384965447,0.0932074835664925,0.018708916231248946,0.10854542390021911,0.04550817461655149,0.0021911343333895165,0.016854879487611663,0.020394404180010112,0.0030338783077700996,0.044665430642170906,0.1692229900556211,0.020900050564638464,0.05713804146300354,0.2098432496207652,0.0030338783077700996,0.0911848980279791,0.07146468902747345,0.24580417362141221,291.6712324191677,16.144026154147543,9.065294318847055
QN06 Forest Hills-Rego Park (CD 6 Approximation),QN06,QUEENS,7.260180630895208,1664.9529896907216,5835.0,2.0,4.0,4624.0,22.0,8.0,486.0,131.0,719.0,371.0,22.0,104.0,27.0,17.0,61.0,558.0,219.0,242.0,1162.0,21.0,211.0,243.0,132.0,26.0,155.0,3331.0,18004.0,31135.0,52470.0,268.0,3338.0,58.66880483668805,55.0,313.0,41029.0,0.163,0.512,0.029,0.272,0.157,5.261073917,8.823640768,5.390182491,8.077411194,5.833415227,6.1181795,18,2.3058178725819256,0.004757785467128028,0.0017301038062283738,0.1051038062283737,0.02833044982698962,0.1554930795847751,0.08023356401384082,0.004757785467128028,0.02249134948096886,0.005839100346020761,0.003676470588235294,0.013192041522491349,0.12067474048442907,0.04736159169550173,0.0523356401384083,0.2512975778546713,0.004541522491349481,0.045631487889273355,0.05255190311418685,0.550950479520891,636.89875432615,15.856567707839504,8.80399667183348
QN07 Flushing-Murray Hill-Whitestone (CD 7 Approximation),QN07,QUEENS,30.63152670144098,3860.8096960910652,15500.0,4.0,1.0,12191.0,82.0,113.0,1352.0,326.0,1526.0,679.0,56.0,191.0,101.0,49.0,315.0,1535.0,409.0,567.0,3101.0,53.0,860.0,876.0,1034.0,186.0,838.0,5652.0,43960.0,129327.0,178939.0,886.0,9457.0,36.32597182692654,27.0,2058.0,25517.0,0.252,0.256,0.021,0.521,0.176,5.913333797,6.090087296,2.359625512,2.153470806,6.220997544,3.75008876,18,2.3505318275511966,0.006726273480436387,0.009269132966942827,0.11090148470182921,0.0267410384710032,0.12517430891641373,0.055696825527028135,0.004593552620785825,0.01566729554589451,0.008284800262488722,0.004019358543187597,0.025838733491920268,0.12591255844475432,0.033549339676810765,0.04650972028545648,0.2543679763760151,0.0043474694446722995,0.07054384381921089,0.0718562874251497,0.03264610379191311,397.9886513272127,17.667085481099196,8.258891185775152
QN08 Fresh Meadows-Hillcrest-Briarwood (CD 8 Approximation),QN08,QUEENS,18.770522349207063,1932.54,4635.0,1.0,0.0,4174.0,34.0,24.0,420.0,127.0,696.0,301.0,19.0,75.0,60.0,19.0,85.0,524.0,160.0,173.0,1055.0,12.0,207.0,183.0,268.0,31.0,186.0,18593.0,30242.0,54847.0,103682.0,309.0,3336.0,45.79039607430774,41.0,485.0,30239.0,0.22,0.316,0.114,0.339,0.186,4.427404874,2.224866091,4.097157046,4.291639466,6.730133965,3.936159831,18,2.3240661141582,0.008145663632007666,0.005749880210828941,0.10062290368950647,0.030426449448969814,0.16674652611403928,0.07211308097747963,0.004551988500239578,0.017968375658840442,0.014374700527072353,0.004551988500239578,0.020364159080019165,0.12553905126976522,0.03833253473885961,0.04144705318639195,0.2527551509343555,0.0028749401054144704,0.049592716818399614,0.04384283660757068,0.0,222.36994380586992,15.903220690432178,0.0
QN09 Kew Gardens-Richmond Hill-Woodhaven (CD 9 Approximation),QN09,QUEENS,10.053837657195308,1753.4639175257735,9070.0,2.0,8.0,3463.0,22.0,9.0,325.0,62.0,378.0,267.0,8.0,85.0,31.0,15.0,138.0,534.0,130.0,174.0,760.0,19.0,232.0,274.0,275.0,49.0,93.0,9132.0,64747.0,41175.0,115054.0,204.0,2239.0,52.65452608262887,26.0,417.0,26357.0,0.219,0.179,0.058,0.263,0.418,2.731795117,4.576268937,3.097412331,1.768630199,5.910813717,2.879953504,18,2.385241938286111,0.006352873231302339,0.0025989026855327752,0.0938492636442391,0.017903551833670227,0.10915391279237656,0.07710077967080566,0.002310135720473578,0.024545192030031766,0.008951775916835113,0.004331504475887958,0.03984984117816922,0.1542015593416113,0.03753970545769564,0.05024545192030032,0.2194628934449899,0.005486572336124747,0.06699393589373376,0.07912214842622003,0.7957160512010634,344.44558566366027,15.619239201052748,9.548861318571964
QN10 South Ozone Park-Howard Beach (CD 10 Approximation),QN10,QUEENS,15.923350299825266,1741.6144158075604,6028.0,0.0,8.0,3280.0,35.0,16.0,407.0,61.0,400.0,207.0,24.0,50.0,14.0,18.0,125.0,394.0,98.0,122.0,932.0,6.0,154.0,217.0,363.0,33.0,92.0,20832.0,35233.0,29287.0,85352.0,244.0,2537.0,42.93575884254874,21.0,488.0,27016.0,0.189,0.216,0.151,0.21,0.257,3.203020295,3.868696716,3.41856557,0.008937763,8.516752016,3.238733698,18,2.2887793593693586,0.010670731707317074,0.004878048780487805,0.12408536585365854,0.018597560975609755,0.12195121951219512,0.06310975609756098,0.007317073170731708,0.01524390243902439,0.00426829268292683,0.00548780487804878,0.038109756097560975,0.12012195121951219,0.029878048780487804,0.03719512195121951,0.2841463414634146,0.001829268292682927,0.04695121951219512,0.06615853658536586,0.5024068333212381,205.98680166170763,15.558166663654635,9.542081098814064
QN11 Auburndale-Bayside-Douglaston (CD 11 Approximation),QN11,QUEENS,24.135349612927033,1164.0618556701031,2607.0,1.0,0.0,4720.0,54.0,9.0,552.0,157.0,606.0,284.0,12.0,95.0,37.0,10.0,82.0,701.0,132.0,210.0,1163.0,10.0,288.0,318.0,258.0,25.0,186.0,2036.0,14145.0,51250.0,67431.0,232.0,2488.0,30.85645967683501,44.0,469.0,37432.0,0.135,0.413,0.018,0.427,0.118,9.050976215,7.045904251,4.620964496,5.809358735,9.93725964,6.962413375,18,2.3075000513085016,0.011440677966101695,0.0019067796610169492,0.11694915254237288,0.03326271186440678,0.12838983050847458,0.06016949152542373,0.002542372881355932,0.020127118644067795,0.007838983050847457,0.00211864406779661,0.017372881355932204,0.14851694915254238,0.027966101694915254,0.04449152542372881,0.24639830508474575,0.00211864406779661,0.061016949152542375,0.06737288135593221,0.0,195.5637716336183,15.519235028073533,0.0
QN12 Jamaica-St. Albans-Hollis (CD 12 Approximation),QN12,QUEENS,24.698653733497462,2223.8861649484534,13426.0,5.0,6.0,6133.0,81.0,40.0,887.0,95.0,637.0,258.0,35.0,98.0,60.0,32.0,237.0,828.0,111.0,218.0,1743.0,26.0,375.0,372.0,270.0,67.0,159.0,148776.0,40599.0,27856.0,217231.0,261.0,3099.0,48.51943910331567,21.0,496.0,25946.0,0.204,0.017,0.621,0.116,0.169,2.790191947,2.435208605,3.490816899,0.452454504,7.579895169,2.819074656,18,2.279807898799005,0.013207239523887167,0.006522093592043046,0.14462742540355455,0.015489972281102235,0.1038643404532855,0.04206750366867765,0.005706831893037665,0.015979129300505462,0.00978314038806457,0.005217674873634437,0.038643404532855044,0.13500733735529105,0.018098809717919453,0.0355454100766346,0.28420022827327573,0.0042393608348279795,0.06114462742540355,0.06065547040600033,0.24292822049092178,248.31312937847056,16.428450848179786,9.498845879539003
QN13 Queens Village-Bellerose-Rosedale (CD 13 Approximation),QN13,QUEENS,32.823265716525135,1741.6144158075604,6028.0,0.0,0.0,4166.0,26.0,23.0,443.0,92.0,472.0,208.0,28.0,42.0,54.0,10.0,162.0,648.0,76.0,434.0,942.0,17.0,289.0,200.0,273.0,26.0,67.0,112853.0,23572.0,30312.0,166737.0,204.0,2419.0,35.167968665934964,28.0,366.0,32961.0,0.132,0.117,0.561,0.15,0.117,3.344013434,1.928324023,4.255353532,1.351371936,9.21333981,3.680972235,18,2.343915919342723,0.006240998559769563,0.005520883341334613,0.10633701392222755,0.022083533365338453,0.11329812770043207,0.04992798847815651,0.00672107537205953,0.010081613058089293,0.012962073931829092,0.002400384061449832,0.03888622179548728,0.15554488718194912,0.018242918867018725,0.1041766682669227,0.22611617858857416,0.004080652904464715,0.06937109937590015,0.04800768122899664,0.0,126.92216661130686,15.797279546867749,0.0
QN14 The Rockaways (CD 14 Approximation),QN14,QUEENS,17.571736821065933,1453.4639175257732,3664.0,1.0,11.0,1923.0,12.0,4.0,213.0,72.0,247.0,147.0,0.0,29.0,10.0,7.0,63.0,234.0,76.0,68.0,543.0,8.0,99.0,91.0,82.0,9.0,40.0,43236.0,28665.0,4883.0,76784.0,122.0,1156.0,37.43235183671666,27.0,131.0,25920.0,0.179,0.35,0.353,0.039,0.235,1.008637724,3.819804748,3.272489673,4.013446129,5.500524086,2.778861856,17,2.2735780849347247,0.0062402496099844,0.0020800832033281333,0.11076443057722309,0.0374414976599064,0.12844513780551223,0.07644305772230889,0.0,0.015080603224128965,0.005200208008320333,0.003640145605824233,0.0327613104524181,0.12168486739469579,0.039521580863234526,0.03536141445657826,0.2823712948517941,0.004160166406656267,0.0514820592823713,0.047321892875715026,0.6260052783634122,109.43710457207652,14.843346998516171,9.679662712496418
QN80 LaGuardia Airport (JIA 80 Approximation),QN80,QUEENS,2.8420851801732847,1741.6144158075604,6028.0,0.0,0.0,0.0,0.0,0.0,0.0,0.0,0.0,0.0,0.0,0.0,0.0,0.0,0.0,0.0,0.0,0.0,0.0,0.0,0.0,0.0,274.0,43.0,157.0,10087.0,42279.5,31185.5,100261.5,288.5,3136.5,50.58698259297227,27.0,486.5,28627.5,0.1965,0.2685,0.0605,0.2365,0.246,3.686334597,3.844250732,3.5280562619999998,3.0834584675,6.026481565,3.4598529664999997,0,0.0,0.0,0.0,0.0,0.0,0.0,0.0,0.0,0.0,0.0,0.0,0.0,0.0,0.0,0.0,0.0,0.0,0.0,0.0,0.0,0.0,0.0,0.0
QN81 Flushing Meadows-Corona Park (JIA 81 Approximation),QN81,QUEENS,5.128968225665399,1741.6144158075604,6028.0,0.0,2.0,0.0,0.0,0.0,0.0,0.0,0.0,0.0,0.0,0.0,0.0,0.0,0.0,0.0,0.0,0.0,0.0,0.0,0.0,0.0,274.0,43.0,157.0,10087.0,42279.5,31185.5,100261.5,288.5,3136.5,50.58698259297227,27.0,486.5,28627.5,0.1965,0.2685,0.0605,0.2365,0.246,3.686334597,3.844250732,3.5280562619999998,3.0834584675,6.026481565,3.4598529664999997,0,0.0,0.0,0.0,0.0,0.0,0.0,0.0,0.0,0.0,0.0,0.0,0.0,0.0,0.0,0.0,0.0,0.0,0.0,0.0,0.389941975072488,0.0,0.0,8.156002016531675
QN82 Forest Park (JIA 82 Approximation),QN82,QUEENS,2.2305842649396936,1741.6144158075604,6028.0,0.0,0.0,0.0,0.0,0.0,0.0,0.0,0.0,0.0,0.0,0.0,0.0,0.0,0.0,0.0,0.0,0.0,0.0,0.0,0.0,0.0,274.0,43.0,157.0,10087.0,42279.5,31185.5,100261.5,288.5,3136.5,50.58698259297227,27.0,486.5,28627.5,0.1965,0.2685,0.0605,0.2365,0.246,3.686334597,3.844250732,3.5280562619999998,3.0834584675,6.026481565,3.4598529664999997,0,0.0,0.0,0.0,0.0,0.0,0.0,0.0,0.0,0.0,0.0,0.0,0.0,0.0,0.0,0.0,0.0,0.0,0.0,0.0,0.0,0.0,0.0,0.0
QN83 JFK International Airport (JIA 83 Approximation),QN83,QUEENS,18.319529149665595,1741.6144158075604,6028.0,0.0,1.0,0.0,0.0,0.0,0.0,0.0,0.0,0.0,0.0,0.0,0.0,0.0,0.0,0.0,0.0,0.0,0.0,0.0,0.0,0.0,274.0,43.0,157.0,10087.0,42279.5,31185.5,100261.5,288.5,3136.5,50.58698259297227,27.0,486.5,28627.5,0.1965,0.2685,0.0605,0.2365,0.246,3.686334597,3.844250732,3.5280562619999998,3.0834584675,6.026481565,3.4598529664999997,0,0.0,0.0,0.0,0.0,0.0,0.0,0.0,0.0,0.0,0.0,0.0,0.0,0.0,0.0,0.0,0.0,0.0,0.0,0.0,0.05458655579137819,0.0,0.0,7.463141802348508
QN84 Jamaica Bay (East) (JIA 84 Approximation),QN84,QUEENS,11.385753885782297,1741.6144158075604,6028.0,0.0,0.0,0.0,0.0,0.0,0.0,0.0,0.0,0.0,0.0,0.0,0.0,0.0,0.0,0.0,0.0,0.0,0.0,0.0,0.0,0.0,274.0,43.0,157.0,10087.0,42279.5,31185.5,100261.5,288.5,3136.5,50.58698259297227,27.0,486.5,28627.5,0.1965,0.2685,0.0605,0.2365,0.246,3.686334597,3.844250732,3.5280562619999998,3.0834584675,6.026481565,3.4598529664999997,0,0.0,0.0,0.0,0.0,0.0,0.0,0.0,0.0,0.0,0.0,0.0,0.0,0.0,0.0,0.0,0.0,0.0,0.0,0.0,0.0,0.0,0.0,0.0
SI01 North Shore (CD 1 Equivalent),SI01,STATEN ISLAND,35.05084301434438,658.8127835051547,2244.0,3.0,4.0,5389.0,61.0,50.0,571.0,146.0,633.0,297.0,12.0,88.0,47.0,17.0,198.0,803.0,134.0,246.0,1315.0,28.0,378.0,365.0,351.0,56.0,100.0,37635.0,50711.0,12704.0,101050.0,255.0,2736.0,36.9888021619446,29.0,507.0,31347.0,0.212,0.381,0.221,0.075,0.293,3.758084346,3.971682377,4.288928488,3.207942293,7.757604058,4.1347834,18,2.359445227532238,0.01131935424011876,0.009278159213212098,0.10595657821488216,0.02709222490257933,0.11746149563926517,0.05511226572647986,0.002226758211170904,0.016329560215253294,0.008721469660419373,0.0031545741324921135,0.03674151048431991,0.1490072369641863,0.024865466691408426,0.045648543329003526,0.2440155873074782,0.005195769159398776,0.07014288365188347,0.06773056225644832,0.11411993709717681,153.74808525417146,15.082554801939299,7.877113161957185
SI02 Mid-Island (CD 2 Approximation),SI02,STATEN ISLAND,56.31497694135956,328.57731958762884,909.0,2.0,6.0,5165.0,60.0,8.0,660.0,157.0,597.0,273.0,26.0,120.0,29.0,17.0,140.0,621.0,131.0,329.0,1416.0,17.0,237.0,327.0,484.0,47.0,170.0,5121.0,18436.0,16952.0,40509.0,325.0,3997.0,29.010676406546324,31.0,701.0,35413.0,0.144,0.683,0.037,0.125,0.136,4.08093547,9.69241463,4.58739355,3.498205735,8.820003297,5.489993157,18,2.308428896296521,0.011616650532429816,0.001548886737657309,0.12778315585672798,0.030396902226524684,0.11558567279767668,0.052855759922555666,0.0050338818973862534,0.023233301064859633,0.0056147144240077445,0.003291384317521781,0.027105517909002903,0.12023233301064859,0.025363020329138432,0.06369796708615683,0.27415295256534367,0.003291384317521781,0.04588576960309777,0.0633107454017425,0.10654359330108158,91.71627656668106,14.344433152674332,7.587038759790116
SI03 South Shore (CD 3 Approximation),SI03,STATEN ISLAND,55.316182796695784,493.69505154639177,1576.5,0.0,11.0,4526.0,28.0,20.0,514.0,124.0,587.0,201.0,9.0,67.0,28.0,12.0,107.0,663.0,91.0,228.0,1196.0,15.0,318.0,318.0,409.0,32.0,106.0,1461.0,16082.0,7805.0,25348.0,211.0,2485.0,23.69240608403081,32.0,547.0,40637.0,0.114,0.836,0.009,0.047,0.097,3.757060221,5.358250344,4.943597361,5.862159382,9.687718566,5.54297091,18,2.268918294314078,0.0061864781263809105,0.004418912947414936,0.11356606274856386,0.0273972602739726,0.12969509500662837,0.04441007512152011,0.001988510826336721,0.014803358373840036,0.0061864781263809105,0.0026513477684489617,0.02364118426866991,0.14648696420680513,0.02010605391073796,0.05037560760053027,0.26425099425541315,0.003314184710561202,0.07026071586389748,0.07026071586389748,0.19885681628518057,81.82054095515703,14.619512295743098,8.599997418032087
SI95 Great Kills Park-Fort Wadsworth (JIA 95 Approximation),SI95,STATEN ISLAND,4.157266993584911,493.69505154639177,1576.5,0.0,0.0,0.0,0.0,0.0,0.0,0.0,0.0,0.0,0.0,0.0,0.0,0.0,0.0,0.0,0.0,0.0,0.0,0.0,0.0,0.0,409.0,47.0,106.0,5121.0,18436.0,12704.0,40509.0,255.0,2736.0,29.010676406546324,31.0,547.0,35413.0,0.144,0.683,0.037,0.075,0.136,3.758084346,5.358250344,4.58739355,3.498205735,8.820003297,5.489993157,0,0.0,0.0,0.0,0.0,0.0,0.0,0.0,0.0,0.0,0.0,0.0,0.0,0.0,0.0,0.0,0.0,0.0,0.0,0.0,0.0,0.0,0.0,0.0
