neighborhood,cd,borough,area_km2,total_poi,unique_poi,category_diversity,num_retail,food,other,retail,ratio_retail,ratio_food,category_entropy,avg_pedestrian,peak_pedestrian,pedestrian_count_points,subway_station_count,construction_jobs,manufacturing_jobs,wholesale_jobs,pop_black,pop_hispanic,pop_asian,food_services,total_businesses,median_household_income,commute_public_transit,pct_bachelors_plus,total_jobs,total_population_proxy,pct_hispanic,pct_black,pct_asian,nfh_median_income,nfh_poverty_rate,nfh_pct_white,nfh_pct_black,nfh_pct_asian,nfh_pct_hispanic,nfh_goal1_fin_services_score,nfh_goal2_goods_services_score,nfh_goal3_jobs_income_score,nfh_goal4_fin_shocks_score,nfh_goal5_build_assets_score,nfh_overall_score,nfh_goal1_fin_services_rank,nfh_goal2_goods_services_rank,nfh_goal3_jobs_income_rank,nfh_goal4_fin_shocks_rank,nfh_goal5_build_assets_rank,nfh_overall_rank,poi_density_per_km2,retail_density_per_km2,food_density_per_km2,subway_density_per_km2,commercial_activity_score,transit_activity_score
BK01 Williamsburg-Greenpoint (CD 1 Equivalent),BK01,BROOKLYN,12.23077578536677,1194.0,1145.0,2.0,0.0,299.0,895.0,0.0,0.0,0.25041876046901174,0.5627947325624211,2552.689312714777,8882.0,3.0,13.0,508.0,267.0,440.0,6649.0,36720.0,11353.0,673.0,5556.0,59577.0,63.42524494527686,47.0,1215.0,54722.0,0.6710281056978912,0.1215050619494901,0.2074668323526187,35889.0,0.173,0.631,0.042,0.073,0.233,3.320402789,5.179880069,4.385767849,6.613577647,3.961994477,4.052349182,24.0,16.0,14.0,14.0,39.0,17.0,97.62258919246429,0.0,24.446527779352447,1.0628925121457586,3047911.0393814435,33184.9610652921
BK02 Downtown Brooklyn-Fort Greene (CD 2 Approximation),BK02,BROOKLYN,7.053267304241385,766.0,714.0,2.0,0.0,203.0,563.0,0.0,0.0,0.2650130548302872,0.5782353755002146,2513.553387819839,15733.0,7.0,16.0,227.0,183.0,289.0,35614.0,21538.0,12722.0,646.0,6076.0,82127.0,68.37516846361186,60.0,699.0,69874.0,0.3082405472708017,0.5096888685347912,0.182070584194407,44313.0,0.121,0.447,0.261,0.092,0.158,3.856805712,3.232936999,6.44439353,9.729586048,5.691804701,5.583937505,19.0,35.0,6.0,4.0,24.0,9.0,108.60215088394231,0.0,28.780987766893332,2.268452237784696,1925381.8950699966,40216.85420511742
BK03 Bedford-Stuyvesant (CD 3 Approximation),BK03,BROOKLYN,7.264679470747852,444.0,427.0,2.0,0.0,119.0,325.0,0.0,0.0,0.268018018018018,0.5812775355461062,2913.264425594739,9538.568181818182,0.0,8.0,65.0,19.0,32.0,75618.0,26792.0,4830.0,219.0,1512.0,40537.0,65.55998008959682,29.0,116.0,107240.0,0.2498321521820216,0.7051286833271168,0.0450391644908616,24627.0,0.226,0.231,0.53,0.032,0.188,2.537663414,2.937001391,2.601014925,4.516794963,4.537172811,2.650783399,32.0,40.0,36.0,26.0,36.0,35.0,61.11763110648198,0.0,16.380626355115666,1.101218578495171,1293489.404964064,23306.11540475791
BK04 Bushwick (CD 4 Equivalent),BK04,BROOKLYN,5.263301104795695,418.0,412.0,3.0,1.0,108.0,309.0,1.0,0.0023923444976076554,0.2583732057416268,0.5874607935515049,2913.264425594739,9538.568181818182,0.0,11.0,154.0,163.0,278.0,24780.0,82261.0,6499.0,310.0,2486.0,42197.0,69.82930037627337,25.0,595.0,113540.0,0.7245111854852915,0.218249075215783,0.0572397392989254,22264.0,0.251,0.148,0.183,0.048,0.605,2.925479835,2.302937307,2.235093517,0.88836403,1.898912557,1.183496133,29.0,47.0,42.0,50.0,52.0,49.0,79.41783904765325,0.18999483025754366,20.519441667814714,2.08994313283298,1217744.529898601,32045.90868154213
BK05 East New York-Cypress Hills (CD 5 Approximation),BK05,BROOKLYN,15.371722565642834,261.0,241.0,2.0,0.0,66.0,195.0,0.0,0.0,0.25287356321839083,0.565470112710913,2913.264425594739,9538.568181818182,0.0,15.0,135.0,72.0,145.0,81157.0,57794.0,7060.0,221.0,2065.0,36385.0,64.17550225536377,14.0,352.0,146011.0,0.3958194930518933,0.5558279855627316,0.048352521385375,22796.0,0.298,0.038,0.522,0.045,0.371,2.270682155,3.908765039,2.103154331,2.410916541,3.894222789,2.002814118,35.0,27.0,45.0,39.0,40.0,43.0,16.97922915830905,0.0,4.293598177963208,0.9758177677189109,760362.0150802268,43698.966383921084
BK06 Park Slope-Carroll Gardens (CD 6 Approximation),BK06,BROOKLYN,8.049412344565196,691.0,671.0,3.0,1.0,204.0,486.0,1.0,0.001447178002894356,0.2952243125904486,0.617164613984949,2105.1203350515466,7496.0,4.0,8.0,264.0,133.0,163.0,7933.0,20395.0,7306.0,461.0,3504.0,104652.0,66.69263791496708,71.0,560.0,35634.0,0.5723466352360106,0.222624459785598,0.2050289049783914,57393.0,0.095,0.646,0.068,0.064,0.175,4.50545082,6.629636428,7.20065462,9.459732636,7.186998133,6.797665734,9.0,11.0,4.0,7.0,11.0,6.0,85.84477604337782,0.12423267155336876,25.343464996887228,0.99386137242695,1454638.1515206187,16840.962680412373
BK07 Sunset Park-Windsor Terrace (CD 7 Approximation),BK07,BROOKLYN,9.805634284560268,578.0,560.0,2.0,0.0,241.0,337.0,0.0,0.0,0.41695501730103807,0.6792901169422845,4110.773195876289,10699.0,1.0,9.0,353.0,253.0,542.0,3840.0,62339.0,49164.0,424.0,3994.0,48232.0,62.85869674113724,27.0,1148.0,115343.0,0.5404662614983137,0.0332920073173057,0.4262417311843805,20787.0,0.294,0.223,0.026,0.324,0.412,2.312304195,3.307364481,2.170550249,2.136147505,4.802942182,2.098303992,34.0,34.0,44.0,43.0,31.0,42.0,58.945702361152286,0.0,24.57770634781609,0.9178396561425096,2376026.907216495,36996.9587628866
BK08 Crown Heights (North) (CD 8 Approximation),BK08,BROOKLYN,4.360856595570427,347.0,339.0,2.0,0.0,78.0,269.0,0.0,0.0,0.22478386167146974,0.5328963949477731,1397.494845360825,2678.0,1.0,2.0,71.0,37.0,63.0,75704.0,15506.0,4509.0,291.0,2053.0,45503.0,69.62384669978708,38.0,171.0,95719.0,0.1619950062161117,0.7908983587375548,0.0471066350463335,29895.0,0.214,0.213,0.593,0.037,0.122,0.0,1.482363408,3.955710823,4.212970636,4.551775555,2.233945623,55.0,53.0,21.0,29.0,35.0,39.0,79.5715227949637,0.0,17.886394172931322,0.4586254916136236,484930.71134020627,2794.98969072165
BK09 Crown Heights (South) (CD 9 Approximation),BK09,BROOKLYN,4.096329307287102,221.0,212.0,2.0,0.0,49.0,172.0,0.0,0.0,0.22171945701357465,0.5290756217922568,2913.264425594739,9538.568181818182,0.0,10.0,29.0,13.0,14.0,73991.0,10702.0,1996.0,78.0,771.0,44329.0,67.77943244808472,29.0,56.0,86689.0,0.1234528025470359,0.8535223615452942,0.0230248359076699,26140.0,0.221,0.198,0.663,0.018,0.096,1.256320872,5.003916398,2.71796189,3.783192789,3.766236934,2.385528041,43.0,17.0,35.0,31.0,41.0,37.0,53.950740631827486,0.0,11.96192891836899,2.44120998334061,643831.4380564373,29132.644255947387
BK10 Bay Ridge-Dyker Heights (CD 10 Approximation),BK10,BROOKLYN,10.145826507994883,461.0,442.0,2.0,0.0,150.0,311.0,0.0,0.0,0.32537960954446854,0.6308581518856287,3326.7,6828.0,1.0,4.0,276.0,32.0,124.0,2012.0,19288.0,30042.0,304.0,2920.0,60863.0,52.31385164076295,40.0,432.0,51342.0,0.3756768337813096,0.0391881890070507,0.5851349772116395,30858.0,0.19,0.573,0.015,0.24,0.154,4.488325238,3.918961695,3.305963139,7.017550359,5.61676221,4.235343126,10.0,26.0,29.0,11.0,26.0,15.0,45.43740223004339,0.0,14.78440419632648,0.39425077856870616,1533608.7,13306.8
BK11 Bensonhurst-Bath Beach (CD 11 Approximation),BK11,BROOKLYN,9.571513305646366,452.0,433.0,2.0,0.0,194.0,258.0,0.0,0.0,0.42920353982300885,0.6830891360975786,2913.264425594739,9538.568181818182,0.0,10.0,628.0,162.0,466.0,1637.0,27200.0,73858.0,459.0,6457.0,51165.0,59.5666261156547,29.0,1256.0,102695.0,0.2648619699109012,0.01594040605677,0.7191976240323288,23329.0,0.23,0.442,0.009,0.391,0.144,1.934661739,3.158381857,2.284918865,4.691388121,5.734567795,2.753829497,39.0,36.0,40.0,24.0,23.0,33.0,47.2234625357893,0.0,20.26847728306001,1.0447668702608253,1316795.520368822,29132.644255947387
BK12 Borough Park-Kensington (CD 12 Approximation),BK12,BROOKLYN,9.388604749014714,299.0,292.0,2.0,1.0,102.0,197.0,0.0,0.0033444816053511705,0.3411371237458194,0.6417868459111566,2913.264425594739,9538.568181818182,0.0,10.0,515.0,171.0,414.0,4002.0,18102.0,22821.0,241.0,4917.0,42864.0,43.864175869542784,28.0,1100.0,44925.0,0.4029382303839733,0.0890818030050083,0.5079799666110184,21103.0,0.283,0.707,0.023,0.14,0.109,4.010612735,6.006805696,1.661410176,3.16913343,6.679622235,3.377282145,18.0,13.0,49.0,35.0,14.0,26.0,31.8471176488049,0.1065120991598826,10.864234114308026,1.065120991598826,871066.0632528269,29132.644255947387
BK13 Coney Island-Brighton Beach (CD 13 Approximation),BK13,BROOKLYN,8.473806321567437,207.0,195.0,2.0,0.0,33.0,174.0,0.0,0.0,0.15942028985507245,0.438707336300529,3918.39,7729.0,1.0,7.0,60.0,13.0,40.0,11850.0,16397.0,16547.0,55.0,735.0,34979.0,52.00605232331121,36.0,113.0,44794.0,0.3660534893066036,0.2645443586194579,0.3694021520739384,19345.0,0.24,0.575,0.106,0.145,0.15,2.979447799,2.785308465,2.090732369,5.783679059,4.822046989,2.88002545,28.0,43.0,46.0,20.0,30.0,29.0,24.42821940279021,0.0,3.8943538178361203,0.8260750522682679,811106.73,27428.73
BK14 Flatbush-Midwood (CD 14 Approximation),BK14,BROOKLYN,7.353028758826192,344.0,327.0,2.0,0.0,86.0,258.0,0.0,0.0,0.25,0.5623351446188083,2350.800412371134,5640.0,2.0,9.0,294.0,69.0,206.0,52055.0,24455.0,17290.0,308.0,4605.0,48169.0,60.63873425139174,36.0,569.0,93800.0,0.2607142857142857,0.5549573560767591,0.1843283582089552,25708.0,0.221,0.396,0.32,0.105,0.151,2.085338923,3.899849146,3.583589407,5.800719872,5.797313853,3.568859498,36.0,28.0,23.0,19.0,22.0,25.0,46.783442753039736,0.0,11.695860688259934,1.2239854208644116,808675.3418556701,21157.203711340204
BK15 Sheepshead Bay-Gravesend (East) (CD 15 Approximation),BK15,BROOKLYN,11.671372872641692,374.0,360.0,2.0,0.0,90.0,284.0,0.0,0.0,0.24064171122994651,0.5518184873409855,2480.4109574468084,6054.0,2.0,5.0,344.0,66.0,240.0,5594.0,13760.0,24408.0,295.0,4893.0,54475.0,48.581735757498365,40.0,650.0,43762.0,0.3144280425940313,0.1278277958045793,0.5577441616013893,29307.0,0.194,0.691,0.038,0.159,0.091,4.423866077,3.813166308,4.059021282,6.048824082,6.521919549,4.469707603,13.0,32.0,18.0,16.0,16.0,14.0,32.04421656998686,0.0,7.711175110424644,0.4283986172458136,927673.6980851063,12402.054787234043
BK16 Ocean Hill-Brownsville (CD 16 Approximation),BK16,BROOKLYN,4.726504117519509,117.0,113.0,2.0,0.0,33.0,84.0,0.0,0.0,0.28205128205128205,0.594880254188934,1853.01,4368.0,1.0,10.0,55.0,18.0,27.0,91864.0,25850.0,1721.0,146.0,1289.0,28315.0,68.3723346478075,14.0,100.0,119435.0,0.2164357181730648,0.7691547703771926,0.0144095114497425,19274.0,0.282,0.021,0.742,0.015,0.211,0.146822672,2.883068302,0.175593681,2.245613272,3.591635552,0.614496873,52.0,41.0,54.0,40.0,43.0,52.0,24.754024769876246,0.0,6.9819044222727875,2.1157286128099355,216802.17,18530.1
BK17 East Flatbush (CD 17 Approximation),BK17,BROOKLYN,8.71108525928166,288.0,267.0,2.0,0.0,48.0,240.0,0.0,0.0,0.16666666666666666,0.45056120886630463,2774.278350515464,6095.0,1.0,3.0,50.0,20.0,44.0,121091.0,10216.0,1796.0,85.0,895.0,48094.0,63.98081455173101,22.0,114.0,133103.0,0.0767525900993967,0.9097541002081097,0.0134933096924937,27248.0,0.19,0.022,0.873,0.014,0.074,0.481582044,5.432465612,3.529226995,1.524973214,5.454276373,2.480958434,48.0,14.0,26.0,45.0,28.0,36.0,33.06132260537068,0.0,5.5102204342284455,0.34438877713927785,798992.1649484537,8322.835051546392
BK18 Canarsie-Flatlands (CD 18 Approximation),BK18,BROOKLYN,23.16940406047367,293.0,268.0,2.0,0.0,74.0,219.0,0.0,0.0,0.2525597269624573,0.565129859095831,999.9381443298968,2698.0,1.0,1.0,278.0,63.0,142.0,131897.0,16796.0,9077.0,216.0,2808.0,68145.0,47.585761909882784,30.0,483.0,157770.0,0.1064587690942511,0.8360081130759967,0.0575331178297521,32210.0,0.15,0.23,0.63,0.044,0.08,1.997908021,4.453672154,4.458754431,2.459296834,8.452839203,3.870718921,38.0,21.0,13.0,38.0,8.0,20.0,12.645987753299597,0.0,3.1938672141439257,0.0431603677587017,292981.87628865975,999.9381443298968
BK55 Prospect Park (JIA 55 Approximation),BK55,BROOKLYN,2.5388508964427317,9.0,9.0,2.0,0.0,1.0,8.0,0.0,0.0,0.1111111111111111,0.34883209584303193,1868.7474747474748,4699.0,1.0,1.0,245.5,67.5,154.0,30197.0,20966.5,10215.0,293.0,2864.0,48131.5,63.70302974850394,29.5,521.5,94759.5,0.3113342949324165,0.38711661357712457,0.18319947120168112,25924.0,0.221,0.3135,0.222,0.0685,0.1525,2.4249838045,3.8565077270000003,3.0119625145000004,4.3648827995,5.138161681,2.8169274735,33.0,30.0,32.0,27.5,29.0,31.0,3.544910814813977,0.0,0.39387897942377526,0.39387897942377526,16818.727272727272,1868.7474747474748
BK56 Jamaica Bay (West) (JIA 56 Approximation),BK56,BROOKLYN,10.471497174957944,2.0,2.0,1.0,0.0,0.0,2.0,0.0,0.0,0.0,-0.0,2913.264425594739,9538.568181818182,0.0,0.0,245.5,67.5,154.0,30197.0,20966.5,10215.0,293.0,2864.0,48131.5,63.70302974850394,29.5,521.5,94759.5,0.3113342949324165,0.38711661357712457,0.18319947120168112,25924.0,0.221,0.3135,0.222,0.0685,0.1525,2.4249838045,3.8565077270000003,3.0119625145000004,4.3648827995,5.138161681,2.8169274735,33.0,30.0,32.0,27.5,29.0,31.0,0.19099465592970782,0.0,0.0,0.0,5826.528851189478,0.0
BX01 Melrose-Mott Haven-Port Morris (CD 1 Approximation),BX01,BRONX,5.411277665879034,235.0,216.0,2.0,1.0,82.0,153.0,0.0,0.00425531914893617,0.34893617021276596,0.6467855981921956,4482.25,9285.0,1.0,9.0,211.0,147.0,355.0,45470.0,110055.0,1447.0,304.0,3536.0,23131.0,67.01324901553801,10.0,713.0,156972.0,0.701112300282853,0.2896694951965955,0.0092182045205514,15510.0,0.293,0.016,0.282,0.008,0.682,0.296402698,3.005490318,0.0,3.384573689,2.865710089,0.669154368,49.0,39.0,55.0,33.0,48.0,51.0,43.427821396377276,0.18479923998458417,15.153537678735901,1.6631931598612575,1053328.75,40340.25
BX02 Longwood-Hunts Point (CD 2 Approximation),BX02,BRONX,5.7000049744506525,119.0,114.0,2.0,0.0,39.0,80.0,0.0,0.0,0.3277310924369748,0.6325601740109685,2913.264425594739,9538.568181818182,0.0,6.0,114.0,19.5,41.5,40637.0,90453.5,3694.5,148.5,1580.0,34586.0,61.039863761831086,15.5,168.5,132638.5,0.667613382897189,0.2984309951861125,0.035808483295659096,19487.0,0.264,0.0555,0.2835,0.027999999999999997,0.6094999999999999,1.392328323,3.4195694675,1.820816768,2.3407506835,3.281207116,1.203780005,43.0,35.0,45.5,39.0,45.0,48.5,20.877174762723577,0.0,6.842099291985037,1.0526306603053903,346678.4666457739,17479.586553568435
BX03 Morrisania-Crotona Park East (CD 3 Approximation),BX03,BRONX,4.285443415439056,83.0,77.0,2.0,0.0,17.0,66.0,0.0,0.0,0.20481927710843373,0.507011212342384,2913.264425594739,9538.568181818182,0.0,2.0,68.0,17.0,39.0,51541.0,109141.0,1324.0,112.0,1271.0,23710.0,62.15027426087556,12.0,124.0,162006.0,0.6736849252496822,0.3181425379306939,0.0081725368196239,14213.0,0.308,0.045,0.301,0.008,0.635,0.046128128,1.765045746,0.501338374,1.286041906,2.144953355,0.0,53.0,52.0,52.0,47.0,51.0,55.0,19.367890776711235,0.0,3.9669173880010966,0.4666961632942467,241800.94732436334,5826.528851189478
BX04 Highbridge-Concourse (CD 4 Approximation),BX04,BRONX,5.372822596615334,274.0,256.0,2.0,0.0,63.0,211.0,0.0,0.0,0.22992700729927007,0.5391881285555279,1807.175,5952.0,2.0,4.0,31.0,6.0,10.0,43801.0,90360.0,2429.0,83.0,786.0,27102.0,67.29935648952625,15.0,47.0,136590.0,0.6615418405446958,0.3206750128120653,0.0177831466432388,16710.0,0.323,0.017,0.308,0.017,0.641,0.272740537,3.712555474,0.452719533,0.839734266,2.512425243,0.330753432,50.0,33.0,53.0,51.0,50.0,54.0,50.997403147576314,0.0,11.725680285756598,0.7444876371908952,495165.95,7228.7
BX05 Morris Heights-Mount Hope (CD 5 Approximation),BX05,BRONX,3.6880840736494083,200.0,187.0,2.0,0.0,56.0,144.0,0.0,0.0,0.28,0.5929533174474745,6433.07,15890.0,1.0,7.0,68.0,19.0,56.0,37473.0,94206.0,1908.0,144.0,1585.0,24436.0,65.35902331771105,14.0,143.0,133587.0,0.7052033506254352,0.2805138224527835,0.0142828269217813,15628.0,0.344,0.013,0.274,0.015,0.688,3.125508772,0.544872894,1.365477184,0.0,1.538734934,0.410660341,26.0,54.0,50.0,55.0,54.0,53.0,54.228698697233696,0.0,15.184035635225435,1.8980044544031793,1286614.0,45031.49
BX06 Tremont-Belmont-West Farms (CD 6 Approximation),BX06,BRONX,4.080718124133877,227.0,219.0,2.0,0.0,80.0,147.0,0.0,0.0,0.3524229074889868,0.6489336252770646,2155.7319587628867,6119.0,1.0,3.0,114.0,19.5,41.5,40637.0,90453.5,3694.5,148.5,1580.0,34586.0,61.039863761831086,15.5,168.5,132638.5,0.667613382897189,0.2984309951861125,0.035808483295659096,19487.0,0.264,0.0555,0.2835,0.027999999999999997,0.6094999999999999,1.392328323,3.4195694675,1.820816768,2.3407506835,3.281207116,1.203780005,43.0,35.0,45.5,39.0,45.0,48.5,55.627463866590944,0.0,19.604392552102535,0.7351647207038451,489351.1546391753,6467.195876288661
BX07 Fordham-Bedford Park-Norwood (CD 7 Approximation),BX07,BRONX,5.443417500763969,208.0,193.0,2.0,0.0,72.0,136.0,0.0,0.0,0.34615384615384615,0.6450331516760341,2022.4536082474224,3981.0,1.0,7.0,155.0,28.0,44.0,19946.0,90547.0,7995.0,333.0,3069.0,32732.0,67.63367038543338,16.0,227.0,118488.0,0.764187090675849,0.1683377219634055,0.0674751873607454,18674.0,0.264,0.066,0.154,0.061,0.696,0.737827981,2.297732958,2.433739036,2.205196375,1.800646458,0.985036098,47.0,48.0,37.0,41.0,53.0,50.0,38.211289134226384,0.0,13.226984700309133,1.2859568458633879,420670.35051546386,14157.175257731957
BX08 Riverdale-Kingsbridge-Marble Hill (CD 8 Approximation),BX08,BRONX,8.014348530899367,185.0,184.0,2.0,0.0,54.0,131.0,0.0,0.0,0.2918918918918919,0.6038369718144239,2559.40206185567,5893.0,1.0,4.0,71.0,7.0,29.0,13643.0,52398.0,5882.0,153.0,1575.0,58409.0,56.06795606795607,39.0,107.0,71923.0,0.7285291214215203,0.1896889729293828,0.0817819056490969,30437.0,0.152,0.324,0.124,0.052,0.477,1.919035719,4.585010881,3.970855777,7.4913156,5.184720365,3.960089745,40.0,19.0,20.0,10.0,29.0,18.0,23.083598035040705,0.0,6.73791510211999,0.4991048223792585,473489.38144329895,10237.60824742268
BX09 Soundview-Parkchester (CD 9 Approximation),BX09,BRONX,10.443194789000952,245.0,228.0,2.0,0.0,82.0,163.0,0.0,0.0,0.3346938775510204,0.6374530635766821,2913.264425594739,9538.568181818182,0.0,4.0,141.0,20.0,68.0,55079.0,110649.0,13570.0,233.0,2093.0,36440.0,59.9294532627866,14.0,229.0,179298.0,0.6171234481143125,0.3071924951756294,0.0756840567100581,20300.0,0.264,0.028,0.288,0.071,0.584,1.077984493,3.899310741,1.040062293,2.879896259,3.696704143,1.422523912,44.0,29.0,51.0,36.0,42.0,47.0,23.460253777707994,0.0,7.852003305192063,0.3830245514727835,713749.784270711,11653.057702378956
BX10 Co-op City-Throgs Neck (CD 10 Approximation),BX10,BRONX,16.060498688893983,291.0,271.0,2.0,0.0,78.0,213.0,0.0,0.0,0.26804123711340205,0.5813008624364557,2913.264425594739,9538.568181818182,0.0,6.0,236.0,36.0,81.0,34752.0,45500.0,3577.0,260.0,2411.0,56627.0,43.94667493411874,25.0,353.0,83829.0,0.5427715945555834,0.4145582077801238,0.0426701976642927,31573.0,0.14,0.293,0.285,0.03,0.371,3.440500048,4.703062631,3.993143129,6.827386299,6.575279816,4.525947159,22.0,18.0,19.0,13.0,15.0,13.0,18.118989057371536,0.0,4.856636242182062,0.37358740324477396,847759.947848069,17479.586553568435
BX11 Pelham Parkway-Morris Park (CD 11 Approximation),BX11,BRONX,9.422339366299965,218.0,200.0,2.0,0.0,75.0,143.0,0.0,0.0,0.3440366972477064,0.6436767570900521,2852.29,5900.0,1.0,4.0,87.0,11.0,15.0,28076.0,60838.0,9779.0,61.0,689.0,47655.0,51.82578333180189,22.0,113.0,98693.0,0.6164368293597317,0.2844781291479639,0.0990850414923044,25358.0,0.205,0.218,0.215,0.076,0.47,2.329568091,3.99776457,2.276156352,2.476304992,4.240034444,2.180630429,33.0,24.0,41.0,37.0,37.0,40.0,23.136504802586607,0.0,7.959806698137594,0.4245230239006717,621799.22,11409.16
BX12 Wakefield-Williamsbridge-Eastchester (CD 12 Approximation),BX12,BRONX,13.951371836539563,231.0,201.0,2.0,0.0,49.0,182.0,0.0,0.0,0.21212121212121213,0.5167535908014582,2913.264425594739,9538.568181818182,0.0,9.0,143.0,30.0,21.0,95164.0,32714.0,3812.0,102.0,984.0,47168.0,49.82769270782535,23.0,194.0,131690.0,0.2484167362745842,0.7226364947983902,0.0289467689270255,26136.0,0.232,0.069,0.655,0.026,0.226,1.706672153,3.126583461,3.535724348,1.049708111,4.637372866,2.127159355,42.0,37.0,25.0,49.0,34.0,41.0,16.55751152693069,0.0,3.51219941480348,0.6450978516985983,672964.0823123847,26219.37983035265
BX26 Van Cortlandt Park (JIA 26 Equivalent),BX26,BRONX,4.706343511677889,9.0,9.0,2.0,0.0,3.0,6.0,0.0,0.0,0.3333333333333333,0.6365141682948128,2913.264425594739,9538.568181818182,0.0,0.0,114.0,19.5,41.5,40637.0,90453.5,3694.5,148.5,1580.0,34586.0,61.039863761831086,15.5,168.5,132638.5,0.667613382897189,0.2984309951861125,0.035808483295659096,19487.0,0.264,0.0555,0.2835,0.027999999999999997,0.6094999999999999,1.392328323,3.4195694675,1.820816768,2.3407506835,3.281207116,1.203780005,43.0,35.0,45.5,39.0,45.0,48.5,1.9123126005715958,0.0,0.6374375335238652,0.0,26219.37983035265,0.0
BX27 Bronx Park (JIA 27 Approximation),BX27,BRONX,3.108628460018382,14.0,14.0,2.0,0.0,1.0,13.0,0.0,0.0,0.07142857142857142,0.25731864054383163,2913.264425594739,9538.568181818182,0.0,0.0,114.0,19.5,41.5,40637.0,90453.5,3694.5,148.5,1580.0,34586.0,61.039863761831086,15.5,168.5,132638.5,0.667613382897189,0.2984309951861125,0.035808483295659096,19487.0,0.264,0.0555,0.2835,0.027999999999999997,0.6094999999999999,1.392328323,3.4195694675,1.820816768,2.3407506835,3.281207116,1.203780005,43.0,35.0,45.5,39.0,45.0,48.5,4.503593845344006,0.0,0.32168527466742897,0.0,40785.701958326346,0.0
BX28 Pelham Bay Park (JIA 28 Approximation),BX28,BRONX,9.223578166405524,5.0,5.0,1.0,0.0,0.0,5.0,0.0,0.0,0.0,-0.0,2913.264425594739,9538.568181818182,0.0,0.0,114.0,19.5,41.5,40637.0,90453.5,3694.5,148.5,1580.0,34586.0,61.039863761831086,15.5,168.5,132638.5,0.667613382897189,0.2984309951861125,0.035808483295659096,19487.0,0.264,0.0555,0.2835,0.027999999999999997,0.6094999999999999,1.392328323,3.4195694675,1.820816768,2.3407506835,3.281207116,1.203780005,43.0,35.0,45.5,39.0,45.0,48.5,0.5420889713073821,0.0,0.0,0.0,14566.322127973694,0.0
MN01 Financial District-Tribeca (CD 1 Equivalent),MN01,MANHATTAN,4.161890212500045,1164.0,1038.0,3.0,278.0,193.0,757.0,214.0,0.23883161512027493,0.16580756013745704,0.889131325434452,4996.2883804536295,19725.0,7.0,16.0,303.0,262.0,727.0,3518.0,10877.0,24407.0,1844.0,18626.0,124389.0,52.69347334272421,83.0,1292.0,38802.0,0.2803206020308231,0.09066542961703,0.6290139683521468,79181.0,0.088,0.716,0.022,0.159,0.07,7.914247985,10.0,10.0,9.72256636,5.626511329,8.717695703,3.0,1.0,1.0,5.0,25.0,2.0,279.6806115894119,66.79657218372553,46.37315982539218,3.8444070321568646,5815679.674848025,79940.61408725807
MN02 Greenwich Village-SoHo (CD 2 Equivalent),MN02,MANHATTAN,3.5244208324735116,1863.0,1745.0,3.0,344.0,449.0,1148.0,266.0,0.1846484165324745,0.24100912506709607,0.9192000506929016,4971.496251490287,19584.0,3.0,13.0,114.5,47.0,180.5,11863.0,30008.5,19861.5,631.5,7489.5,72931.0,60.85623259018912,60.5,342.0,72101.5,0.4084826006390963,0.139624377175856,0.38076058345521,45959.5,0.144,0.47,0.069,0.0925,0.191,4.71192458,7.5099238305,4.357333762,9.0114323365,4.550210111,5.146720386,9.5,8.0,19.5,7.0,34.5,15.5,528.5974883687508,97.60468921033294,127.39681818441713,3.6885493015532798,9261897.516526405,64629.451269373734
MN03 Lower East Side-Chinatown (CD 3 Equivalent),MN03,MANHATTAN,4.366125895099688,1919.0,1851.0,3.0,404.0,429.0,1182.0,308.0,0.21052631578947367,0.2235539343408025,0.9270205427133571,2814.1379381443303,7481.0,2.0,6.0,194.0,116.0,325.0,12538.0,40010.0,49433.0,1416.0,8573.0,42223.0,55.308868745757295,43.0,635.0,101981.0,0.3923279826634373,0.1229444700483423,0.4847275472882204,25667.0,0.18,0.331,0.079,0.311,0.249,4.480953055,9.212290273,2.230561839,8.447075588,0.0,3.672505844,11.0,4.0,43.0,8.0,55.0,24.0,439.52007938062104,92.53054302749916,98.25644296731966,1.3742159855569183,5400330.70329897,16884.827628865984
MN04 Chelsea-Hell's Kitchen (CD 4 Approximation),MN04,MANHATTAN,4.464369099449153,1612.0,1515.0,3.0,352.0,309.0,1041.0,262.0,0.21836228287841192,0.19168734491315137,0.8943430800299772,3648.757731958763,16529.0,2.0,6.0,675.0,1082.0,5029.0,8107.0,21717.0,24230.0,2146.0,32137.0,100097.0,46.74712309417972,75.0,6786.0,54054.0,0.4017649017649017,0.14997964997965,0.4482554482554483,65905.0,0.108,0.609,0.054,0.162,0.146,10.0,9.888136849,9.240777022,10.0,10.0,10.0,1.0,2.0,2.0,1.0,1.0,1.0,361.08125562442865,78.84652728275364,69.21470718855363,1.343974896865119,5881797.463917526,21892.546391752578
MN05 Midtown-Flatiron-Union Square (CD 5 Approximation),MN05,MANHATTAN,3.663312159506329,3604.0,3120.0,3.0,964.0,495.0,2355.0,754.0,0.26748057713651496,0.13734739178690344,0.878001884782482,9396.0428116136,50827.0,12.0,19.0,114.5,47.0,180.5,11863.0,30008.5,19861.5,631.5,7489.5,72931.0,60.85623259018912,60.5,342.0,72101.5,0.4084826006390963,0.139624377175856,0.38076058345521,45959.5,0.144,0.47,0.069,0.0925,0.191,4.71192458,7.5099238305,4.357333762,9.0114323365,4.550210111,5.146720386,9.5,8.0,19.5,7.0,34.5,15.5,983.8091440412979,263.1498376403472,135.12361995017827,5.186563190006843,33863338.293055415,178524.8134206584
MN06 East Midtown-Murray Hill (CD 6 Approximation),MN06,MANHATTAN,4.0043574640270405,1514.0,1378.0,3.0,400.0,253.0,956.0,305.0,0.26420079260237783,0.16710700132100395,0.9120486127355296,6113.796886597938,28056.0,5.0,4.0,385.0,203.0,1346.0,4353.0,12815.0,24098.0,1318.0,22156.0,106171.0,45.64459930313589,80.0,1934.0,41266.0,0.310546212378229,0.1054863568070566,0.5839674308147143,73067.0,0.1,0.694,0.032,0.158,0.087,5.970048643,7.427073806,8.787773771,9.997055176,9.236693429,8.366080442,5.0,9.0,3.0,2.0,4.0,3.0,378.0881236505354,99.89118194201727,63.18117257832593,0.9989118194201727,9256288.486309279,24455.187546391753
MN07 Upper West Side (CD 7 Approximation),MN07,MANHATTAN,5.054715663802142,1010.0,934.0,3.0,319.0,209.0,589.0,212.0,0.31584158415841584,0.20693069306930692,0.9681638563086747,3781.1879381443305,11244.0,2.0,8.0,100.0,39.0,132.0,11188.0,27881.0,17822.0,565.0,6406.0,104638.0,67.4601615153361,75.0,271.0,56891.0,0.4900775166546554,0.1966567646903728,0.3132657186549717,65844.0,0.09,0.677,0.06,0.092,0.144,4.942896105,7.592773855,5.895307704,9.81633061,6.909261698,6.620934928,8.0,7.0,7.0,3.0,12.0,7.0,199.81341526939244,63.1093856147883,41.347528506240614,1.5826805169852867,3818999.817525774,30249.503505154644
MN08 Upper East Side-Roosevelt Island (CD 8 Equivalent),MN08,MANHATTAN,5.129295060788341,1259.0,1166.0,3.0,378.0,269.0,723.0,267.0,0.30023828435266087,0.2136616362192216,0.9771694434752065,2099.8936170212764,7220.0,1.0,9.0,129.0,55.0,229.0,6215.0,19962.0,21901.0,698.0,8896.0,109111.0,56.68946806838766,80.0,413.0,48078.0,0.4152002995132909,0.129269104372062,0.455530596114647,71933.0,0.073,0.761,0.028,0.093,0.09,6.287827099,8.44196172,6.628083617,9.575789085,5.804530594,6.999344814,4.0,6.0,5.0,6.0,21.0,4.0,245.45283222730012,73.6943372374261,52.44385374832704,1.7546270770815737,2643766.063829787,18899.042553191488
MN09 Morningside Heights-Hamilton Heights (CD 9 Equivalent),MN09,MANHATTAN,3.9614965228475914,443.0,428.0,3.0,152.0,79.0,247.0,117.0,0.3431151241534989,0.17832957110609482,0.984812095410051,2913.264425594739,9538.568181818182,0.0,6.0,67.0,11.0,25.0,27583.0,49179.0,10550.0,224.0,1962.0,45765.0,68.09494764664024,46.0,103.0,87312.0,0.5632559098405717,0.3159130474619754,0.1208310426974528,24561.0,0.235,0.286,0.215,0.083,0.379,0.173236124,2.489594462,2.804228667,4.600478436,3.473908893,1.874593734,51.0,45.0,33.0,25.0,44.0,44.0,111.82642656507093,38.369338234516434,19.941958687676305,1.514579140836175,1290576.1405384694,17479.586553568435
MN10 Harlem (CD 10 Equivalent),MN10,MANHATTAN,3.5506855794902528,409.0,389.0,3.0,214.0,53.0,193.0,163.0,0.5232273838630807,0.1295843520782396,0.9858277217924163,4945.84,9667.0,1.0,8.0,38.0,11.0,9.0,78162.0,32136.0,4440.0,161.0,1270.0,40816.0,74.054494372683,35.0,58.0,114738.0,0.2800815771583956,0.6812215656539246,0.0386968571876797,26075.0,0.211,0.131,0.571,0.032,0.236,2.01629287,4.020708792,2.733092588,5.572345952,3.242535414,2.651484408,37.0,23.0,34.0,21.0,47.0,34.0,115.1890221884184,60.270050729392516,14.926694806812165,2.2530860085754214,2022848.56,39566.72
MN11 East Harlem (CD 11 Equivalent),MN11,MANHATTAN,6.153880420832081,590.0,562.0,3.0,258.0,109.0,273.0,208.0,0.43728813559322033,0.1847457627118644,1.0361384016008757,2913.264425594739,9538.568181818182,0.0,5.0,73.0,20.0,25.0,36283.0,55468.0,9618.0,240.0,1721.0,31628.0,70.02541984414718,32.0,118.0,101369.0,0.5471889828251241,0.3579299391332656,0.0948810780416103,19510.0,0.231,0.152,0.298,0.075,0.452,0.948343111,2.83327456,2.81935982,6.461446952,2.84090488,2.336565755,46.0,42.0,32.0,15.0,49.0,38.0,95.87446613404046,41.92476654674989,17.71240137052612,0.8124954757122073,1718826.011100896,14566.322127973694
MN12 Washington Heights-Inwood (CD 12 Equivalent),MN12,MANHATTAN,7.246168324945335,819.0,778.0,3.0,330.0,110.0,444.0,265.0,0.40293040293040294,0.1343101343101343,0.9666587482689148,4115.82,8747.0,1.0,12.0,60.0,22.0,48.0,16969.0,153399.0,5864.0,334.0,3049.0,43307.0,65.02299711199059,32.0,130.0,176232.0,0.8704378319487948,0.0962878478369422,0.033274320214263,20421.0,0.199,0.178,0.078,0.027,0.701,0.03203416,0.0,2.033092328,4.741060441,3.373796809,1.209792505,54.0,55.0,47.0,23.0,46.0,48.0,113.02525186732791,45.54131027621271,15.180436758737569,1.656047646407735,3370856.5799999996,49389.84
MN64 Central Park (JIA 64 Equivalent),MN64,MANHATTAN,3.5593391263426715,9.0,9.0,2.0,0.0,1.0,8.0,0.0,0.0,0.1111111111111111,0.34883209584303193,2913.264425594739,9538.568181818182,0.0,6.0,114.5,47.0,180.5,11863.0,30008.5,19861.5,631.5,7489.5,72931.0,60.85623259018912,60.5,342.0,72101.5,0.4084826006390963,0.139624377175856,0.38076058345521,45959.5,0.144,0.47,0.069,0.0925,0.191,4.71192458,7.5099238305,4.357333762,9.0114323365,4.550210111,5.146720386,9.5,8.0,19.5,7.0,34.5,15.5,2.5285592860177313,0.0,0.2809510317797479,1.6857061906784874,26219.37983035265,17479.586553568435
QN01 Astoria-Queensbridge (CD 1 Equivalent),QN01,QUEENS,16.162233171982386,873.0,822.0,2.0,0.0,215.0,658.0,0.0,0.0,0.24627720504009165,0.5582081550841541,3543.8917525773195,12100.0,2.0,11.0,665.0,96.0,193.0,11042.0,46914.0,27301.0,537.0,4187.0,56201.0,67.42496150519943,44.0,954.0,85257.0,0.5502656673352335,0.1295142920815886,0.3202200405831779,31658.0,0.183,0.478,0.063,0.159,0.272,4.199391307,7.443763502,4.901631079,6.855971164,4.646814747,4.980345913,14.0,8.0,10.0,12.0,33.0,12.0,54.01481284859608,0.0,13.302617139115874,0.6805990164198819,3093817.5,38982.80927835051
QN02 Long Island City-Sunnyside-Woodside (CD 2 Approximation),QN02,QUEENS,12.200252418124835,635.0,608.0,2.0,0.0,167.0,468.0,0.0,0.0,0.262992125984252,0.5761633781634683,761.0824742268042,2579.0,1.0,14.0,701.0,390.0,536.0,1959.0,46126.0,48756.0,520.0,5479.0,60154.0,68.97549469988893,38.0,1627.0,96841.0,0.4763065230635784,0.0202290352226846,0.5034644417137369,31245.0,0.204,0.281,0.013,0.352,0.332,4.02865576,3.066736923,3.644232652,4.7716885,3.466084174,3.162262769,17.0,38.0,22.0,22.0,45.0,28.0,52.04810345207585,0.0,13.688241380309712,1.1475172414630896,483287.3711340206,10655.154639175258
QN03 Jackson Heights-East Elmhurst (CD 3 Approximation),QN03,QUEENS,7.6219256186339175,487.0,459.0,2.0,0.0,96.0,391.0,0.0,0.0,0.1971252566735113,0.4963912640780923,4026.075,14738.0,2.0,3.0,245.0,37.0,73.0,8778.0,120456.0,31236.0,326.0,2567.0,51083.0,63.94609712687516,20.0,355.0,160470.0,0.7506449803701627,0.0547018134230697,0.1946532062067676,22853.0,0.254,0.1,0.048,0.169,0.667,1.795952203,2.27420521,2.383733932,1.195232628,4.75548289,1.692096997,41.0,49.0,38.0,48.0,32.0,45.0,63.89461461148257,0.0,12.595242305343586,0.39360132204198706,1960698.525,12078.224999999999
QN04 Elmhurst-Corona (CD 4 Approximation),QN04,QUEENS,6.143482198096751,495.0,468.0,2.0,0.0,135.0,360.0,0.0,0.0,0.2727272727272727,0.5859526183035508,1634.7113402061857,4470.0,1.0,7.0,291.0,82.0,142.0,11135.0,72194.0,47214.0,391.0,3174.0,44865.0,66.00045630846452,22.0,515.0,130543.0,0.5530285040178332,0.0852975647870816,0.3616739311950851,21889.0,0.271,0.063,0.079,0.332,0.507,3.012712713,2.492034122,1.980666462,0.207749269,4.132507215,1.530314558,27.0,44.0,48.0,53.0,38.0,46.0,80.57319676996066,0.0,21.974508209989274,1.139418944221666,809182.1134020619,11442.9793814433
QN05 Ridgewood-Maspeth-Middle Village (CD 5 Approximation),QN05,QUEENS,20.341395861329044,483.0,467.0,2.0,0.0,151.0,332.0,0.0,0.0,0.31262939958592134,0.6211883616456829,1729.764914089347,6221.0,3.0,5.0,910.0,182.0,412.0,2672.0,62350.0,14652.0,338.0,4033.0,62873.0,52.70092541667663,25.0,1504.0,79674.0,0.7825639480884605,0.0335366618972312,0.1838993900143083,31420.0,0.186,0.531,0.015,0.084,0.358,4.116461156,4.116770743,3.565295625,4.390752331,6.142149413,3.861993083,15.0,22.0,24.0,27.0,18.0,21.0,23.74468317182842,0.0,7.423286043366649,0.24580417362141221,835476.4535051546,8648.824570446735
QN06 Forest Hills-Rego Park (CD 6 Approximation),QN06,QUEENS,7.260180630895208,308.0,296.0,2.0,0.0,77.0,231.0,0.0,0.0,0.25,0.5623351446188083,1664.9529896907216,5835.0,2.0,4.0,132.0,26.0,155.0,3331.0,18004.0,31135.0,268.0,3338.0,67596.0,58.66880483668805,55.0,313.0,52470.0,0.3431294072803507,0.0634838955593672,0.593386697160282,41029.0,0.163,0.512,0.029,0.272,0.157,5.261073917,8.823640768,5.390182491,8.077411194,5.833415227,6.1181795,7.0,5.0,8.0,9.0,20.0,8.0,42.42318692310861,0.0,10.605796730777152,0.550950479520891,512805.5208247422,6659.811958762886
QN07 Flushing-Murray Hill-Whitestone (CD 7 Approximation),QN07,QUEENS,30.63152670144098,1081.0,1029.0,2.0,0.0,451.0,630.0,0.0,0.0,0.41720629047178537,0.6793742354665696,3860.8096960910652,15500.0,4.0,1.0,1034.0,186.0,838.0,5652.0,43960.0,129327.0,886.0,9457.0,52722.0,36.32597182692654,27.0,2058.0,178939.0,0.2456703122293072,0.0315861830009109,0.7227435047697819,25517.0,0.252,0.256,0.021,0.521,0.176,5.913333797,6.090087296,2.359625512,2.153470806,6.220997544,3.75008876,6.0,12.0,39.0,42.0,17.0,22.0,35.29043819905807,0.0,14.723392810152813,0.03264610379191311,4173535.2814744413,3860.8096960910652
QN08 Fresh Meadows-Hillcrest-Briarwood (CD 8 Approximation),QN08,QUEENS,18.770522349207063,249.0,236.0,2.0,0.0,52.0,197.0,0.0,0.0,0.20883534136546184,0.5124094911329086,1932.54,4635.0,1.0,0.0,268.0,31.0,186.0,18593.0,30242.0,54847.0,309.0,3336.0,62679.0,45.79039607430774,41.0,485.0,103682.0,0.2916803302405432,0.1793271734727339,0.5289924962867228,30239.0,0.22,0.316,0.114,0.339,0.186,4.427404874,2.224866091,4.097157046,4.291639466,6.730133965,3.936159831,12.0,50.0,17.0,28.0,13.0,19.0,13.265480595989844,0.0,2.7703011686404495,0.0,481202.45999999996,0.0
QN09 Kew Gardens-Richmond Hill-Woodhaven (CD 9 Approximation),QN09,QUEENS,10.053837657195308,298.0,284.0,2.0,0.0,82.0,216.0,0.0,0.0,0.2751677852348993,0.5883313578629602,1753.4639175257735,9070.0,2.0,8.0,275.0,49.0,93.0,9132.0,64747.0,41175.0,204.0,2239.0,62333.0,52.65452608262887,26.0,417.0,115054.0,0.5627531420028856,0.0793714255914614,0.357875432405653,26357.0,0.219,0.179,0.058,0.263,0.418,2.731795117,4.576268937,3.097412331,1.768630199,5.910813717,2.879953504,31.0,20.0,31.0,44.0,19.0,30.0,29.64042290723961,0.0,8.156089524810898,0.7957160512010634,522532.2474226805,14027.711340206188
QN10 South Ozone Park-Howard Beach (CD 10 Approximation),QN10,QUEENS,15.923350299825266,300.0,283.0,2.0,0.0,61.0,239.0,0.0,0.0,0.20333333333333334,0.504988825902191,2913.264425594739,9538.568181818182,0.0,8.0,363.0,33.0,92.0,20832.0,35233.0,29287.0,244.0,2537.0,65373.0,42.93575884254874,21.0,488.0,85352.0,0.4127964195332271,0.2440716093354578,0.343131971131315,27016.0,0.189,0.216,0.151,0.21,0.257,3.203020295,3.868696716,3.41856557,0.008937763,8.516752016,3.238733698,25.0,30.0,28.0,54.0,7.0,27.0,18.84025624954643,0.0,3.8308521040744408,0.5024068333212381,873979.3276784216,23306.11540475791
QN11 Auburndale-Bayside-Douglaston (CD 11 Approximation),QN11,QUEENS,24.135349612927033,355.0,342.0,2.0,0.0,115.0,240.0,0.0,0.0,0.323943661971831,0.629806419436397,1164.0618556701031,2607.0,1.0,0.0,258.0,25.0,186.0,2036.0,14145.0,51250.0,232.0,2488.0,78520.0,30.85645967683501,44.0,469.0,67431.0,0.2097699870979223,0.0301938277646779,0.7600361851373997,37432.0,0.135,0.413,0.018,0.427,0.118,9.050976215,7.045904251,4.620964496,5.809358735,9.93725964,6.962413375,2.0,10.0,11.0,18.0,2.0,5.0,14.708715874986122,0.0,4.764795283446208,0.0,413241.9587628866,0.0
QN12 Jamaica-St. Albans-Hollis (CD 12 Approximation),QN12,QUEENS,24.698653733497462,485.0,428.0,2.0,0.0,88.0,397.0,0.0,0.0,0.18144329896907216,0.473574987624294,2223.8861649484534,13426.0,5.0,6.0,270.0,67.0,159.0,148776.0,40599.0,27856.0,261.0,3099.0,55203.0,48.51943910331567,21.0,496.0,217231.0,0.1868932150567828,0.6848746265496177,0.1282321583935994,25946.0,0.204,0.017,0.621,0.116,0.169,2.790191947,2.435208605,3.490816899,0.452454504,7.579895169,2.819074656,30.0,46.0,27.0,52.0,10.0,31.0,19.636697823016178,0.0,3.562947233866853,0.24292822049092178,1078584.7899999998,13343.31698969072
QN13 Queens Village-Bellerose-Rosedale (CD 13 Approximation),QN13,QUEENS,32.823265716525135,288.0,260.0,2.0,0.0,57.0,231.0,0.0,0.0,0.19791666666666666,0.4975007113960026,2913.264425594739,9538.568181818182,0.0,0.0,273.0,26.0,67.0,112853.0,23572.0,30312.0,204.0,2419.0,78303.0,35.167968665934964,28.0,366.0,166737.0,0.1413723408721519,0.676832376737017,0.181795282390831,32961.0,0.132,0.117,0.561,0.15,0.117,3.344013434,1.928324023,4.255353532,1.351371936,9.21333981,3.680972235,23.0,51.0,16.0,46.0,5.0,23.0,8.774264038419679,0.0,1.736573090937228,0.0,839020.1545712848,0.0
QN14 The Rockaways (CD 14 Approximation),QN14,QUEENS,17.571736821065933,152.0,143.0,2.0,0.0,36.0,116.0,0.0,0.0,0.23684210526315788,0.5474124685254984,1453.4639175257732,3664.0,1.0,11.0,82.0,9.0,40.0,43236.0,28665.0,4883.0,122.0,1156.0,49451.0,37.43235183671666,27.0,131.0,76784.0,0.3733199624921858,0.5630860595957491,0.063593977912065,25920.0,0.179,0.35,0.353,0.039,0.235,1.008637724,3.819804748,3.272489673,4.013446129,5.500524086,2.778861856,45.0,31.0,30.0,30.0,27.0,32.0,8.65025475556715,0.0,2.048744547371167,0.6260052783634122,220926.51546391755,15988.103092783505
QN80 LaGuardia Airport (JIA 80 Approximation),QN80,QUEENS,2.8420851801732847,5.0,5.0,2.0,0.0,1.0,4.0,0.0,0.0,0.2,0.5004024235381879,2913.264425594739,9538.568181818182,0.0,0.0,274.0,43.0,157.0,10087.0,42279.5,31185.5,288.5,3136.5,61243.5,50.58698259297227,27.0,486.5,100261.5,0.39305819101270645,0.0823344951892715,0.350503701768484,28627.5,0.1965,0.2685,0.0605,0.2365,0.246,3.686334597,3.844250732,3.5280562619999998,3.0834584675,6.026481565,3.4598529664999997,20.0,30.5,25.5,36.0,18.5,25.0,1.7592716906870276,0.0,0.3518543381374055,0.0,14566.322127973694,0.0
QN81 Flushing Meadows-Corona Park (JIA 81 Approximation),QN81,QUEENS,5.128968225665399,12.0,12.0,1.0,0.0,0.0,12.0,0.0,0.0,0.0,-0.0,2913.264425594739,9538.568181818182,0.0,2.0,274.0,43.0,157.0,10087.0,42279.5,31185.5,288.5,3136.5,61243.5,50.58698259297227,27.0,486.5,100261.5,0.39305819101270645,0.0823344951892715,0.350503701768484,28627.5,0.1965,0.2685,0.0605,0.2365,0.246,3.686334597,3.844250732,3.5280562619999998,3.0834584675,6.026481565,3.4598529664999997,20.0,30.5,25.5,36.0,18.5,25.0,2.339651850434928,0.0,0.0,0.389941975072488,34959.17310713687,5826.528851189478
QN82 Forest Park (JIA 82 Approximation),QN82,QUEENS,2.2305842649396936,2.0,2.0,2.0,0.0,1.0,1.0,0.0,0.0,0.5,0.6931471805599453,2913.264425594739,9538.568181818182,0.0,0.0,274.0,43.0,157.0,10087.0,42279.5,31185.5,288.5,3136.5,61243.5,50.58698259297227,27.0,486.5,100261.5,0.39305819101270645,0.0823344951892715,0.350503701768484,28627.5,0.1965,0.2685,0.0605,0.2365,0.246,3.686334597,3.844250732,3.5280562619999998,3.0834584675,6.026481565,3.4598529664999997,20.0,30.5,25.5,36.0,18.5,25.0,0.8966260685310053,0.0,0.4483130342655027,0.0,5826.528851189478,0.0
QN83 JFK International Airport (JIA 83 Approximation),QN83,QUEENS,18.319529149665595,48.0,48.0,2.0,0.0,5.0,43.0,0.0,0.0,0.10416666666666667,0.3341427913871891,2913.264425594739,9538.568181818182,0.0,1.0,274.0,43.0,157.0,10087.0,42279.5,31185.5,288.5,3136.5,61243.5,50.58698259297227,27.0,486.5,100261.5,0.39305819101270645,0.0823344951892715,0.350503701768484,28627.5,0.1965,0.2685,0.0605,0.2365,0.246,3.686334597,3.844250732,3.5280562619999998,3.0834584675,6.026481565,3.4598529664999997,20.0,30.5,25.5,36.0,18.5,25.0,2.620154677986153,0.0,0.27293277895689094,0.05458655579137819,139836.69242854748,2913.264425594739
QN84 Jamaica Bay (East) (JIA 84 Approximation),QN84,QUEENS,11.385753885782297,0.0,0.0,0.0,0.0,0.0,0.0,0.0,0.0,0.0,0.0,2913.264425594739,9538.568181818182,0.0,0.0,274.0,43.0,157.0,10087.0,42279.5,31185.5,288.5,3136.5,61243.5,50.58698259297227,27.0,486.5,100261.5,0.39305819101270645,0.0823344951892715,0.350503701768484,28627.5,0.1965,0.2685,0.0605,0.2365,0.246,3.686334597,3.844250732,3.5280562619999998,3.0834584675,6.026481565,3.4598529664999997,20.0,30.5,25.5,36.0,18.5,25.0,0.0,0.0,0.0,0.0,0.0,0.0
SI01 North Shore (CD 1 Equivalent),SI01,STATEN ISLAND,35.05084301434438,426.0,404.0,2.0,0.0,145.0,281.0,0.0,0.0,0.3403755868544601,0.6412842882088872,658.8127835051547,2244.0,3.0,4.0,351.0,56.0,100.0,37635.0,50711.0,12704.0,255.0,2736.0,60746.0,36.9888021619446,29.0,507.0,101050.0,0.501840672934191,0.3724393864423552,0.1257199406234537,31347.0,0.212,0.381,0.221,0.075,0.293,3.758084346,3.971682377,4.288928488,3.207942293,7.757604058,4.1347834,20.0,25.0,15.0,34.0,9.0,16.0,12.15377330084933,0.0,4.13684771977266,0.11411993709717681,280654.24577319593,2635.251134020619
SI02 Mid-Island (CD 2 Approximation),SI02,STATEN ISLAND,56.31497694135956,352.0,318.0,2.0,0.0,123.0,229.0,0.0,0.0,0.3494318181818182,0.6470942025164829,328.57731958762884,909.0,2.0,6.0,484.0,47.0,170.0,5121.0,18436.0,16952.0,325.0,3997.0,74942.0,29.010676406546324,31.0,701.0,40509.0,0.4551087412673726,0.1264163519217951,0.4184749068108321,35413.0,0.144,0.683,0.037,0.125,0.136,4.08093547,9.69241463,4.58739355,3.498205735,8.820003297,5.489993157,16.0,3.0,12.0,32.0,6.0,11.0,6.250557473663452,0.0,2.1841436626721724,0.10654359330108158,115659.21649484534,1971.463917525773
SI03 South Shore (CD 3 Approximation),SI03,STATEN ISLAND,55.316182796695784,294.0,267.0,2.0,4.0,102.0,192.0,0.0,0.013605442176870748,0.3469387755102041,0.6455309973239547,2913.264425594739,9538.568181818182,0.0,11.0,409.0,32.0,106.0,1461.0,16082.0,7805.0,211.0,2485.0,86978.0,23.69240608403081,32.0,547.0,25348.0,0.634448477197412,0.0576376834464257,0.3079138393561622,40637.0,0.114,0.836,0.009,0.047,0.097,3.757060221,5.358250344,4.943597361,5.862159382,9.687718566,5.54297091,21.0,15.0,9.0,17.0,3.0,10.0,5.31490036253119,0.07231156955824748,1.8439450237353108,0.19885681628518057,856499.7411248533,32045.90868154213
SI95 Great Kills Park-Fort Wadsworth (JIA 95 Approximation),SI95,STATEN ISLAND,4.157266993584911,0.0,0.0,0.0,0.0,0.0,0.0,0.0,0.0,0.0,0.0,2913.264425594739,9538.568181818182,0.0,0.0,409.0,47.0,106.0,5121.0,18436.0,12704.0,255.0,2736.0,74942.0,29.010676406546324,31.0,547.0,40509.0,0.501840672934191,0.1264163519217951,0.3079138393561622,35413.0,0.144,0.683,0.037,0.075,0.136,3.758084346,5.358250344,4.58739355,3.498205735,8.820003297,5.489993157,20.0,15.0,12.0,32.0,6.0,11.0,0.0,0.0,0.0,0.0,0.0,0.0
